,REPORTER_STATE,BUYER_BUS_ACT,BUYER_STATE,BUYER_COUNTY,DRUG_CODE,CALC_BASE_WT_IN_GM,DOSAGE_UNIT,dos_str,year/month,quantity
0,NY,RETAIL PHARMACY,DE,SUSSEX,9143,4.03425,300.0,15.0,200608,4407.0
1,NY,RETAIL PHARMACY,DE,NEW CASTLE,9193,0.6054,100.0,10.0,200602,2085.0
2,NY,RETAIL PHARMACY,DE,NEW CASTLE,9143,5.379,200.0,30.0,200603,7694.0
3,NY,RETAIL PHARMACY,DE,NEW CASTLE,9143,2.6895,300.0,10.0,200604,6537.0
5,NY,RETAIL PHARMACY,DE,NEW CASTLE,9143,10.758,1200.0,10.0,200608,8492.0
6,NY,RETAIL PHARMACY,DE,NEW CASTLE,9143,0.672375,100.0,7.5,200609,7848.0
7,NY,RETAIL PHARMACY,DE,NEW CASTLE,9143,4.482,1000.0,5.0,200610,9249.0
10,NY,RETAIL PHARMACY,DE,NEW CASTLE,9143,6.72375,1000.0,7.5,200701,8953.0
12,NY,RETAIL PHARMACY,DE,NEW CASTLE,9143,1.793,200.0,10.0,200801,10967.0
13,NY,RETAIL PHARMACY,DE,NEW CASTLE,9193,0.45405,100.0,7.5,200801,2330.0
14,NY,RETAIL PHARMACY,DE,NEW CASTLE,9193,0.6054,200.0,5.0,200802,2668.0
15,NY,RETAIL PHARMACY,DE,NEW CASTLE,9143,2.6895,600.0,5.0,200805,10564.0
16,NY,RETAIL PHARMACY,DE,NEW CASTLE,9193,0.6054,200.0,5.0,200805,2022.0
17,NY,RETAIL PHARMACY,DE,NEW CASTLE,9143,3.5860000000000003,400.0,10.0,200806,10312.0
18,NY,RETAIL PHARMACY,DE,NEW CASTLE,9193,0.136215,30.0,7.5,200807,1989.0
19,NY,RETAIL PHARMACY,DE,NEW CASTLE,9143,0.8965,100.0,10.0,200808,10994.0
22,NY,RETAIL PHARMACY,DE,NEW CASTLE,9193,0.6054,100.0,10.0,200808,1956.0
23,NY,RETAIL PHARMACY,DE,NEW CASTLE,9143,5.379,600.0,10.0,200809,11623.0
24,NY,RETAIL PHARMACY,DE,NEW CASTLE,9193,0.45405,100.0,7.5,200810,2070.0
27,NY,RETAIL PHARMACY,DE,NEW CASTLE,9143,0.8965,100.0,10.0,200810,12850.0
28,NY,RETAIL PHARMACY,DE,KENT,9143,5.379,1200.0,5.0,200807,2995.0
29,NY,RETAIL PHARMACY,DE,KENT,9143,3.5860000000000003,200.0,20.0,200808,3131.0
31,NY,CHAIN PHARMACY,DE,NEW CASTLE,9143,5.379,100.0,60.0,200804,10525.0
36,NY,CHAIN PHARMACY,DE,SUSSEX,9143,4.03425,300.0,15.0,200808,6145.0
38,NY,CHAIN PHARMACY,DE,NEW CASTLE,9193,0.45405,100.0,7.5,200804,1933.0
42,NY,CHAIN PHARMACY,DE,NEW CASTLE,9193,0.9081,200.0,7.5,200803,2664.0
43,NY,CHAIN PHARMACY,DE,NEW CASTLE,9143,3.5860000000000003,400.0,10.0,200803,11137.0
44,NY,CHAIN PHARMACY,DE,NEW CASTLE,9143,0.44825,100.0,5.0,200802,9532.0
45,NY,CHAIN PHARMACY,DE,NEW CASTLE,9143,0.44825,100.0,5.0,200807,11511.0
48,NY,CHAIN PHARMACY,DE,NEW CASTLE,9143,0.224125,100.0,2.5,200811,10274.0
64,NY,CHAIN PHARMACY,DE,SUSSEX,9143,0.44825,100.0,5.0,200801,6084.0
68,NY,CHAIN PHARMACY,DE,KENT,9143,0.672375,100.0,7.5,200804,3007.0
69,NY,CHAIN PHARMACY,DE,SUSSEX,9143,21.516,300.0,80.0,200802,5648.0
70,NY,CHAIN PHARMACY,DE,SUSSEX,9143,0.44825,100.0,5.0,200803,5842.0
73,NY,CHAIN PHARMACY,DE,SUSSEX,9143,16.137,300.0,60.0,200806,5758.0
74,NY,CHAIN PHARMACY,DE,SUSSEX,9143,0.8965,200.0,5.0,200807,7030.0
77,NY,CHAIN PHARMACY,DE,KENT,9143,0.8965,100.0,10.0,200801,2981.0
80,NY,CHAIN PHARMACY,DE,KENT,9143,1.34475,200.0,7.5,200811,2980.0
82,NY,CHAIN PHARMACY,DE,NEW CASTLE,9193,0.6054,100.0,10.0,200811,1902.0
85,NY,CHAIN PHARMACY,DE,SUSSEX,9143,7.1720000000000015,100.0,80.0,200712,5509.0
87,NY,CHAIN PHARMACY,DE,SUSSEX,9193,1.2108,200.0,10.0,200804,930.0
102,NY,CHAIN PHARMACY,DE,KENT,9143,2.6895,300.0,10.0,200802,2816.0
104,NY,CHAIN PHARMACY,DE,KENT,9143,1.793,200.0,10.0,200805,2905.0
110,NY,CHAIN PHARMACY,DE,NEW CASTLE,9143,5.379,600.0,10.0,200712,9883.0
126,NY,CHAIN PHARMACY,DE,SUSSEX,9193,1.2108,200.0,10.0,200807,1101.0
127,NY,CHAIN PHARMACY,DE,SUSSEX,9193,0.45405,100.0,7.5,200808,1067.0
135,NY,RETAIL PHARMACY,DE,SUSSEX,9193,0.45405,100.0,7.5,200801,910.0
136,NY,RETAIL PHARMACY,DE,SUSSEX,9193,1.2108,200.0,10.0,200803,855.0
137,NY,RETAIL PHARMACY,DE,SUSSEX,9143,2.24125,500.0,5.0,200804,6100.0
138,NY,RETAIL PHARMACY,DE,SUSSEX,9143,1.34475,200.0,7.5,200809,6703.0
139,NY,RETAIL PHARMACY,DE,SUSSEX,9143,2.6895,300.0,10.0,200810,7089.0
140,NY,RETAIL PHARMACY,DE,KENT,9193,3.027,500.0,10.0,200808,703.0
142,NY,CHAIN PHARMACY,DE,SUSSEX,9143,5.379,300.0,20.0,200805,6413.0
149,NY,CHAIN PHARMACY,DE,SUSSEX,9143,8.0685,600.0,15.0,200811,6050.0
162,NY,RETAIL PHARMACY,DE,SUSSEX,9193,0.6054,100.0,10.0,200805,1000.0
167,NY,CHAIN PHARMACY,DE,NEW CASTLE,9193,0.45405,100.0,7.5,200806,1860.0
171,NY,CHAIN PHARMACY,DE,KENT,9143,0.44825,100.0,5.0,200809,3235.0
173,NY,CHAIN PHARMACY,DE,KENT,9143,1.34475,200.0,7.5,200810,3465.0
180,MD,RETAIL PHARMACY,DE,SUSSEX,9143,0.44825,100.0,5.0,200905,7456.0
181,MD,RETAIL PHARMACY,DE,SUSSEX,9143,1.793,200.0,10.0,200908,6720.0
183,MD,RETAIL PHARMACY,DE,SUSSEX,9143,13.4475,500.0,30.0,200910,7472.0
184,MD,RETAIL PHARMACY,DE,SUSSEX,9193,1.5135,500.0,5.0,200912,1090.0
185,MD,RETAIL PHARMACY,DE,SUSSEX,9143,26.895,1000.0,30.0,201002,7489.0
187,MD,RETAIL PHARMACY,DE,SUSSEX,9143,2.24125,500.0,5.0,201004,8158.0
191,MD,RETAIL PHARMACY,DE,SUSSEX,9143,2.6895,100.0,30.0,201005,7768.0
192,MD,RETAIL PHARMACY,DE,SUSSEX,9143,3.5860000000000003,100.0,40.0,201010,8587.0
193,MD,RETAIL PHARMACY,DE,SUSSEX,9143,16.137,600.0,30.0,201011,9241.0
194,MD,RETAIL PHARMACY,DE,SUSSEX,9143,6.72375,1000.0,7.5,201102,8379.0
195,MD,RETAIL PHARMACY,DE,SUSSEX,9143,5.379,600.0,10.0,201112,9391.0
196,MD,RETAIL PHARMACY,DE,SUSSEX,9143,2.6895,300.0,10.0,200601,1756.0
197,MD,RETAIL PHARMACY,DE,SUSSEX,9143,7.1720000000000015,200.0,40.0,200604,3390.0
198,MD,RETAIL PHARMACY,DE,SUSSEX,9143,3.5860000000000003,100.0,40.0,200607,3976.0
199,MD,RETAIL PHARMACY,DE,SUSSEX,9143,0.8965,200.0,5.0,200705,5431.0
200,MD,RETAIL PHARMACY,DE,SUSSEX,9143,2.6895,300.0,10.0,200707,5375.0
201,MD,RETAIL PHARMACY,DE,SUSSEX,9143,0.672375,100.0,7.5,200709,4941.0
207,MD,CHAIN PHARMACY,DE,SUSSEX,9143,4.4825,1000.0,5.0,201001,7676.0
208,MD,CHAIN PHARMACY,DE,SUSSEX,9143,1.793,400.0,5.0,201012,9354.0
209,MD,CHAIN PHARMACY,DE,SUSSEX,9143,2.24125,500.0,5.0,201103,10487.0
210,MD,CHAIN PHARMACY,DE,SUSSEX,9143,10.758,400.0,30.0,201108,10937.0
211,MD,CHAIN PHARMACY,DE,SUSSEX,9193,1.2108,200.0,10.0,201111,1203.0
212,MD,CHAIN PHARMACY,DE,SUSSEX,9193,0.6054,100.0,10.0,201201,998.0
215,MD,CHAIN PHARMACY,DE,SUSSEX,9143,6.72375,1000.0,7.5,201008,9300.0
217,MD,CHAIN PHARMACY,DE,SUSSEX,9143,7.1720000000000015,200.0,40.0,201101,9334.0
219,MD,CHAIN PHARMACY,DE,SUSSEX,9143,3.5860000000000003,100.0,40.0,201105,9811.0
220,MD,CHAIN PHARMACY,DE,SUSSEX,9143,26.895,1000.0,30.0,201107,9010.0
221,MD,CHAIN PHARMACY,DE,SUSSEX,9143,3.361875,500.0,7.5,201111,9844.0
222,MD,CHAIN PHARMACY,DE,KENT,9143,2.017125,300.0,7.5,200902,2739.0
223,MD,CHAIN PHARMACY,DE,KENT,9193,1.2108,200.0,10.0,200905,621.0
224,MD,CHAIN PHARMACY,DE,KENT,9143,10.758,1200.0,10.0,200905,3296.0
225,MD,CHAIN PHARMACY,DE,KENT,9143,8.0685,600.0,15.0,201002,3102.0
226,MD,CHAIN PHARMACY,DE,KENT,9193,0.6054,100.0,10.0,201004,695.0
227,MD,CHAIN PHARMACY,DE,KENT,9143,4.03425,300.0,15.0,201006,3775.0
230,MD,CHAIN PHARMACY,DE,KENT,9143,2.24125,500.0,5.0,201009,4038.0
231,MD,CHAIN PHARMACY,DE,KENT,9193,0.3027,100.0,5.0,201012,816.0
232,MD,CHAIN PHARMACY,DE,KENT,9193,0.3027,100.0,5.0,201101,794.0
233,MD,CHAIN PHARMACY,DE,KENT,9143,1.34475,200.0,7.5,201106,4986.0
234,MD,CHAIN PHARMACY,DE,KENT,9143,0.672375,100.0,7.5,201108,4852.0
235,MD,CHAIN PHARMACY,DE,KENT,9143,2.6895,600.0,5.0,201111,4506.0
237,MD,CHAIN PHARMACY,DE,SUSSEX,9143,14.344,200.0,80.0,200902,5875.0
238,MD,CHAIN PHARMACY,DE,SUSSEX,9143,2.24125,500.0,5.0,200903,7434.0
240,MD,CHAIN PHARMACY,DE,SUSSEX,9143,2.24125,500.0,5.0,200904,6586.0
243,MD,CHAIN PHARMACY,DE,SUSSEX,9143,2.24125,500.0,5.0,200906,7429.0
245,MD,CHAIN PHARMACY,DE,SUSSEX,9143,2.24125,500.0,5.0,200907,7668.0
248,MD,CHAIN PHARMACY,DE,SUSSEX,9143,6.72375,1000.0,7.5,200911,7236.0
250,MD,CHAIN PHARMACY,DE,SUSSEX,9143,4.4825,1000.0,5.0,200912,8108.0
255,MD,CHAIN PHARMACY,DE,SUSSEX,9143,8.965,1000.0,10.0,201003,9030.0
257,MD,CHAIN PHARMACY,DE,SUSSEX,9143,4.4825,1000.0,5.0,201006,9111.0
259,MD,CHAIN PHARMACY,DE,SUSSEX,9193,1.5135,500.0,5.0,201008,1077.0
260,MD,CHAIN PHARMACY,DE,SUSSEX,9143,53.79,2000.0,30.0,201009,8559.0
261,MD,CHAIN PHARMACY,DE,SUSSEX,9193,1.5135,500.0,5.0,201009,1028.0
266,MD,CHAIN PHARMACY,DE,SUSSEX,9143,53.79,2000.0,30.0,201104,8384.0
268,MD,CHAIN PHARMACY,DE,SUSSEX,9143,3.361875,500.0,7.5,201106,10265.0
271,MD,CHAIN PHARMACY,DE,SUSSEX,9143,2.017125,300.0,7.5,201110,9419.0
274,MD,CHAIN PHARMACY,DE,SUSSEX,9143,4.4825,1000.0,5.0,201201,8308.0
275,MD,CHAIN PHARMACY,DE,KENT,9143,2.017125,300.0,7.5,200605,2196.0
276,MD,CHAIN PHARMACY,DE,KENT,9143,10.758,300.0,40.0,200606,2124.0
278,MD,CHAIN PHARMACY,DE,KENT,9143,2.6895,200.0,15.0,200608,2236.0
279,MD,CHAIN PHARMACY,DE,KENT,9143,2.6895,200.0,15.0,200610,2102.0
280,MD,CHAIN PHARMACY,DE,KENT,9143,4.4825,1000.0,5.0,200611,2252.0
282,MD,CHAIN PHARMACY,DE,KENT,9143,0.8965,100.0,10.0,200701,2430.0
283,MD,CHAIN PHARMACY,DE,KENT,9143,5.379,200.0,30.0,200702,2330.0
284,MD,CHAIN PHARMACY,DE,KENT,9143,2.017125,300.0,7.5,200704,2411.0
287,MD,CHAIN PHARMACY,DE,KENT,9143,1.793,200.0,10.0,200706,2627.0
289,MD,CHAIN PHARMACY,DE,KENT,9143,0.4482,100.0,5.0,200712,2806.0
290,MD,CHAIN PHARMACY,DE,KENT,9143,3.5860000000000003,400.0,10.0,200803,3061.0
291,MD,CHAIN PHARMACY,DE,KENT,9143,4.4825,1000.0,5.0,200806,2956.0
296,MD,CHAIN PHARMACY,DE,KENT,9143,1.793,100.0,20.0,200901,2966.0
297,MD,CHAIN PHARMACY,DE,KENT,9143,0.8965,200.0,5.0,200904,3202.0
298,MD,CHAIN PHARMACY,DE,KENT,9143,3.5860000000000003,400.0,10.0,200906,3263.0
299,MD,CHAIN PHARMACY,DE,KENT,9143,14.344,200.0,80.0,200907,3534.0
300,MD,CHAIN PHARMACY,DE,KENT,9143,5.379,600.0,10.0,200909,3258.0
301,MD,CHAIN PHARMACY,DE,KENT,9143,0.8965,200.0,5.0,200910,3468.0
302,MD,CHAIN PHARMACY,DE,KENT,9143,1.793,200.0,10.0,201001,3100.0
304,MD,CHAIN PHARMACY,DE,KENT,9143,8.0685,600.0,15.0,201005,3538.0
305,MD,CHAIN PHARMACY,DE,KENT,9143,4.03425,600.0,7.5,201008,4158.0
306,MD,CHAIN PHARMACY,DE,KENT,9143,2.6895,400.0,7.5,201011,4224.0
308,MD,CHAIN PHARMACY,DE,KENT,9143,3.361875,500.0,7.5,201012,4568.0
309,MD,CHAIN PHARMACY,DE,KENT,9143,6.2755,700.0,10.0,201110,4665.0
310,MD,CHAIN PHARMACY,DE,KENT,9143,2.241,500.0,5.0,200601,941.0
312,MD,CHAIN PHARMACY,DE,KENT,9143,0.44825,100.0,5.0,200602,1880.0
314,MD,CHAIN PHARMACY,DE,KENT,9143,0.8965,100.0,10.0,200604,1741.0
315,MD,CHAIN PHARMACY,DE,KENT,9143,8.965,1000.0,10.0,200607,2088.0
316,MD,CHAIN PHARMACY,DE,KENT,9143,4.482,1000.0,5.0,200609,2270.0
321,MD,CHAIN PHARMACY,DE,KENT,9143,6.72375,1000.0,7.5,200703,2561.0
323,MD,CHAIN PHARMACY,DE,KENT,9193,0.3027,100.0,5.0,200707,598.0
324,MD,CHAIN PHARMACY,DE,KENT,9143,3.5860000000000003,800.0,5.0,200707,2828.0
326,MD,CHAIN PHARMACY,DE,KENT,9143,10.758,400.0,30.0,200708,2680.0
330,MD,CHAIN PHARMACY,DE,KENT,9143,0.672375,100.0,7.5,200812,3384.0
333,MD,CHAIN PHARMACY,DE,KENT,9143,7.1720000000000015,100.0,80.0,200903,3235.0
334,MD,CHAIN PHARMACY,DE,KENT,9193,0.6054,100.0,10.0,200904,624.0
335,MD,CHAIN PHARMACY,DE,KENT,9193,1.36215,300.0,7.5,200906,704.0
338,MD,CHAIN PHARMACY,DE,NEW CASTLE,9143,3.5860000000000003,100.0,40.0,200602,6487.0
341,MD,CHAIN PHARMACY,DE,NEW CASTLE,9143,3.5860000000000003,400.0,10.0,200611,8595.0
343,MD,CHAIN PHARMACY,DE,NEW CASTLE,9143,3.13775,700.0,5.0,200704,8289.0
344,MD,CHAIN PHARMACY,DE,NEW CASTLE,9143,2.24125,500.0,5.0,200708,8070.0
345,MD,CHAIN PHARMACY,DE,NEW CASTLE,9143,1.34475,300.0,5.0,200710,7060.0
346,MD,CHAIN PHARMACY,DE,NEW CASTLE,9143,3.13775,700.0,5.0,200711,9715.0
349,MD,CHAIN PHARMACY,DE,NEW CASTLE,9143,3.5860000000000003,100.0,40.0,200901,11414.0
352,MD,CHAIN PHARMACY,DE,NEW CASTLE,9143,10.758,400.0,30.0,200907,12659.0
353,MD,CHAIN PHARMACY,DE,NEW CASTLE,9143,2.6895,300.0,10.0,200908,11850.0
354,MD,CHAIN PHARMACY,DE,NEW CASTLE,9143,1.34475,300.0,5.0,200909,12881.0
355,MD,CHAIN PHARMACY,DE,NEW CASTLE,9143,4.03425,300.0,15.0,201002,12269.0
356,MD,CHAIN PHARMACY,DE,NEW CASTLE,9143,4.03425,900.0,5.0,201006,14831.0
357,MD,CHAIN PHARMACY,DE,NEW CASTLE,9143,2.017125,300.0,7.5,201008,14673.0
358,MD,CHAIN PHARMACY,DE,NEW CASTLE,9193,0.3027,100.0,5.0,201103,2076.0
359,MD,CHAIN PHARMACY,DE,NEW CASTLE,9193,0.45405,100.0,7.5,201104,1984.0
360,MD,CHAIN PHARMACY,DE,NEW CASTLE,9143,0.8965,100.0,10.0,201106,15464.0
361,MD,CHAIN PHARMACY,DE,NEW CASTLE,9143,4.4825,500.0,10.0,201111,14650.0
365,MD,RETAIL PHARMACY,DE,SUSSEX,9143,0.8964,200.0,5.0,200603,4195.0
368,MD,RETAIL PHARMACY,DE,SUSSEX,9143,1.793,100.0,20.0,200605,4068.0
369,MD,RETAIL PHARMACY,DE,SUSSEX,9193,1.2108,200.0,10.0,200606,804.0
373,MD,RETAIL PHARMACY,DE,SUSSEX,9143,5.379,400.0,15.0,200609,4369.0
374,MD,RETAIL PHARMACY,DE,SUSSEX,9193,1.2108,200.0,10.0,200609,696.0
375,MD,RETAIL PHARMACY,DE,SUSSEX,9143,7.1720000000000015,100.0,80.0,200610,4222.0
376,MD,RETAIL PHARMACY,DE,SUSSEX,9143,8.0685,600.0,15.0,200611,4919.0
377,MD,RETAIL PHARMACY,DE,SUSSEX,9193,0.6054,100.0,10.0,200611,739.0
378,MD,RETAIL PHARMACY,DE,SUSSEX,9143,7.1720000000000015,100.0,80.0,200612,4439.0
380,MD,RETAIL PHARMACY,DE,SUSSEX,9143,1.34475,300.0,5.0,200701,4741.0
381,MD,RETAIL PHARMACY,DE,SUSSEX,9143,1.793,200.0,10.0,200702,4559.0
382,MD,RETAIL PHARMACY,DE,SUSSEX,9143,13.4475,1000.0,15.0,200703,5082.0
385,MD,RETAIL PHARMACY,DE,SUSSEX,9143,13.4475,1000.0,15.0,200704,4714.0
389,MD,RETAIL PHARMACY,DE,SUSSEX,9143,2.6895,100.0,30.0,200706,5256.0
391,MD,RETAIL PHARMACY,DE,SUSSEX,9143,0.44825,100.0,5.0,200708,5836.0
397,MD,RETAIL PHARMACY,DE,SUSSEX,9193,1.2108,200.0,10.0,200710,944.0
429,MD,RETAIL PHARMACY,DE,SUSSEX,9193,1.2108,200.0,10.0,200811,887.0
432,MD,RETAIL PHARMACY,DE,SUSSEX,9143,75.306,2800.0,30.0,200812,7171.0
434,MD,RETAIL PHARMACY,DE,SUSSEX,9143,3.5860000000000003,100.0,40.0,200901,6215.0
447,MD,RETAIL PHARMACY,DE,SUSSEX,9143,2.6895,300.0,10.0,200909,7391.0
464,MD,RETAIL PHARMACY,DE,SUSSEX,9143,5.379,400.0,15.0,201007,8379.0
481,MD,RETAIL PHARMACY,DE,SUSSEX,9143,64.548,2400.0,30.0,201109,9553.0
495,MD,CHAIN PHARMACY,DE,SUSSEX,9143,2.6895,200.0,15.0,200602,3345.0
501,MD,CHAIN PHARMACY,DE,SUSSEX,9193,0.45405,100.0,7.5,200610,944.0
508,MD,CHAIN PHARMACY,DE,SUSSEX,9143,4.4825,500.0,10.0,200710,3562.0
509,MD,CHAIN PHARMACY,DE,SUSSEX,9143,13.4475,500.0,30.0,200711,5465.0
554,MD,CHAIN PHARMACY,DE,SUSSEX,9193,1.2108,200.0,10.0,200608,871.0
559,MD,CHAIN PHARMACY,DE,SUSSEX,9193,0.6054,100.0,10.0,200701,771.0
568,MD,CHAIN PHARMACY,DE,SUSSEX,9193,0.6054,100.0,10.0,200708,942.0
575,MD,CHAIN PHARMACY,DE,KENT,9193,2.27025,500.0,7.5,200602,502.0
576,MD,CHAIN PHARMACY,DE,KENT,9143,7.1720000000000015,100.0,80.0,200603,2001.0
588,MD,CHAIN PHARMACY,DE,KENT,9143,1.793,200.0,10.0,200709,2530.0
589,MD,CHAIN PHARMACY,DE,KENT,9143,1.793,100.0,20.0,200711,2833.0
605,MD,CHAIN PHARMACY,DE,KENT,9143,21.516,300.0,80.0,200912,3606.0
608,MD,CHAIN PHARMACY,DE,KENT,9143,13.4475,500.0,30.0,201003,3881.0
609,MD,CHAIN PHARMACY,DE,KENT,9193,1.5135,500.0,5.0,201005,688.0
612,MD,CHAIN PHARMACY,DE,KENT,9143,1.793,200.0,10.0,201101,4275.0
613,MD,CHAIN PHARMACY,DE,KENT,9143,26.895,1000.0,30.0,201102,4188.0
614,MD,CHAIN PHARMACY,DE,KENT,9143,4.4825,1000.0,5.0,201103,4811.0
615,MD,CHAIN PHARMACY,DE,KENT,9193,1.2108,200.0,10.0,201103,849.0
616,MD,CHAIN PHARMACY,DE,KENT,9143,4.4825,1000.0,5.0,201104,4376.0
622,MD,CHAIN PHARMACY,DE,KENT,9143,2.6895,300.0,10.0,201109,4575.0
623,MD,CHAIN PHARMACY,DE,KENT,9193,6.0539999999999985,1000.0,10.0,201112,792.0
624,MD,CHAIN PHARMACY,DE,KENT,9143,14.344,200.0,80.0,201112,4967.0
632,MD,CHAIN PHARMACY,DE,KENT,9193,0.3027,100.0,5.0,200612,507.0
633,MD,CHAIN PHARMACY,DE,KENT,9143,1.793,200.0,10.0,200612,2375.0
649,MD,CHAIN PHARMACY,DE,KENT,9193,0.9081,200.0,7.5,200901,577.0
652,MD,CHAIN PHARMACY,DE,KENT,9193,0.45405,100.0,7.5,200903,707.0
668,MD,CHAIN PHARMACY,DE,KENT,9193,0.408645,90.0,7.5,201105,722.0
669,MD,CHAIN PHARMACY,DE,KENT,9143,7.1720000000000015,200.0,40.0,201105,4557.0
677,MD,CHAIN PHARMACY,DE,KENT,9143,7.1720000000000015,800.0,10.0,201201,4675.0
679,MD,CHAIN PHARMACY,DE,SUSSEX,9193,0.6054,100.0,10.0,200602,709.0
686,MD,CHAIN PHARMACY,DE,SUSSEX,9143,4.4825,1000.0,5.0,200606,4146.0
705,MD,CHAIN PHARMACY,DE,SUSSEX,9193,0.6054,100.0,10.0,200809,936.0
731,MD,CHAIN PHARMACY,DE,SUSSEX,9193,0.45405,100.0,7.5,201107,1185.0
732,MD,CHAIN PHARMACY,DE,SUSSEX,9193,0.27243,60.0,7.5,201108,1359.0
739,MD,CHAIN PHARMACY,DE,NEW CASTLE,9143,2.017125,300.0,7.5,200601,3432.0
743,MD,CHAIN PHARMACY,DE,NEW CASTLE,9143,2.6895,100.0,30.0,200605,8317.0
745,MD,CHAIN PHARMACY,DE,NEW CASTLE,9193,0.6054,100.0,10.0,200606,2200.0
746,MD,CHAIN PHARMACY,DE,NEW CASTLE,9143,2.6895,400.0,7.5,200606,7677.0
747,MD,CHAIN PHARMACY,DE,NEW CASTLE,9143,4.4825,500.0,10.0,200607,7480.0
750,MD,CHAIN PHARMACY,DE,NEW CASTLE,9193,0.45405,100.0,7.5,200610,2252.0
751,MD,CHAIN PHARMACY,DE,NEW CASTLE,9143,2.24125,500.0,5.0,200702,7947.0
753,MD,CHAIN PHARMACY,DE,NEW CASTLE,9143,0.44825,100.0,5.0,200703,8824.0
756,MD,CHAIN PHARMACY,DE,NEW CASTLE,9143,2.24125,500.0,5.0,200705,9446.0
760,MD,CHAIN PHARMACY,DE,NEW CASTLE,9193,0.9081,200.0,7.5,200706,1841.0
771,MD,CHAIN PHARMACY,DE,NEW CASTLE,9143,7.1720000000000015,100.0,80.0,200906,12964.0
773,MD,CHAIN PHARMACY,DE,NEW CASTLE,9143,13.4475,500.0,30.0,200912,13664.0
775,MD,CHAIN PHARMACY,DE,NEW CASTLE,9143,2.6895,200.0,15.0,201003,14055.0
778,MD,CHAIN PHARMACY,DE,NEW CASTLE,9143,0.8965,100.0,10.0,201005,12428.0
779,MD,CHAIN PHARMACY,DE,NEW CASTLE,9143,4.4825,500.0,10.0,201007,13775.0
780,MD,CHAIN PHARMACY,DE,NEW CASTLE,9143,6.72375,500.0,15.0,201009,14683.0
781,MD,CHAIN PHARMACY,DE,NEW CASTLE,9193,0.136215,30.0,7.5,201011,1977.0
782,MD,CHAIN PHARMACY,DE,NEW CASTLE,9143,6.72375,500.0,15.0,201101,13900.0
783,MD,CHAIN PHARMACY,DE,NEW CASTLE,9143,1.793,100.0,20.0,201102,14050.0
784,MD,CHAIN PHARMACY,DE,NEW CASTLE,9143,4.03425,300.0,15.0,201103,15467.0
786,MD,CHAIN PHARMACY,DE,NEW CASTLE,9143,6.72375,500.0,15.0,201108,15672.0
787,MD,CHAIN PHARMACY,DE,NEW CASTLE,9143,1.793,200.0,10.0,201110,14353.0
788,MD,CHAIN PHARMACY,DE,NEW CASTLE,9143,7.1720000000000015,200.0,40.0,201112,14678.0
809,MD,CHAIN PHARMACY,DE,KENT,9193,0.9081,200.0,7.5,200705,531.0
810,MD,CHAIN PHARMACY,DE,KENT,9143,2.6895,200.0,15.0,200705,2764.0
817,MD,CHAIN PHARMACY,DE,KENT,9143,1.793,100.0,20.0,200908,3078.0
819,MD,CHAIN PHARMACY,DE,KENT,9143,2.6895,300.0,10.0,200911,3200.0
821,MD,CHAIN PHARMACY,DE,KENT,9143,3.5860000000000003,100.0,40.0,201007,3796.0
827,MD,CHAIN PHARMACY,DE,KENT,9143,5.379,600.0,10.0,201107,4371.0
857,MD,CHAIN PHARMACY,DE,SUSSEX,9193,0.45405,100.0,7.5,200706,846.0
880,MD,CHAIN PHARMACY,DE,SUSSEX,9193,0.9081,200.0,7.5,200908,1004.0
889,MD,CHAIN PHARMACY,DE,SUSSEX,9193,0.136215,30.0,7.5,201012,1092.0
890,MD,CHAIN PHARMACY,DE,SUSSEX,9193,0.45405,100.0,7.5,201101,1067.0
891,MD,CHAIN PHARMACY,DE,SUSSEX,9193,1.5135,500.0,5.0,201102,1066.0
930,MD,CHAIN PHARMACY,DE,SUSSEX,9193,0.6054,100.0,10.0,201112,1192.0
968,MD,CHAIN PHARMACY,DE,SUSSEX,9193,0.45405,100.0,7.5,200704,793.0
981,MD,CHAIN PHARMACY,DE,SUSSEX,9193,1.5135,500.0,5.0,201011,1000.0
987,MD,CHAIN PHARMACY,DE,SUSSEX,9193,0.45405,100.0,7.5,201110,1160.0
1003,MD,CHAIN PHARMACY,DE,SUSSEX,9193,0.3027,100.0,5.0,200603,848.0
1004,MD,CHAIN PHARMACY,DE,SUSSEX,9193,0.3027,100.0,5.0,200604,706.0
1006,MD,CHAIN PHARMACY,DE,SUSSEX,9193,0.3027,100.0,5.0,200605,674.0
1016,MD,CHAIN PHARMACY,DE,SUSSEX,9193,0.9081,200.0,7.5,200702,681.0
1020,MD,CHAIN PHARMACY,DE,SUSSEX,9193,0.3027,100.0,5.0,200703,856.0
1031,MD,CHAIN PHARMACY,DE,SUSSEX,9193,0.6054,200.0,5.0,200707,897.0
1039,MD,CHAIN PHARMACY,DE,SUSSEX,9193,0.45405,100.0,7.5,200712,940.0
1057,MD,CHAIN PHARMACY,DE,SUSSEX,9193,0.45405,100.0,7.5,200901,943.0
1058,MD,CHAIN PHARMACY,DE,SUSSEX,9193,0.9081,300.0,5.0,200902,948.0
1062,MD,CHAIN PHARMACY,DE,SUSSEX,9193,0.6054,200.0,5.0,200906,1091.0
1065,MD,CHAIN PHARMACY,DE,SUSSEX,9193,0.3027,100.0,5.0,200909,953.0
1067,MD,CHAIN PHARMACY,DE,SUSSEX,9193,0.3027,200.0,2.5,200910,1022.0
1071,MD,CHAIN PHARMACY,DE,SUSSEX,9193,0.6054,200.0,5.0,201004,1063.0
1072,MD,CHAIN PHARMACY,DE,SUSSEX,9193,1.8162,300.0,10.0,201006,961.0
1077,MD,CHAIN PHARMACY,DE,SUSSEX,9193,0.3027,100.0,5.0,201103,1241.0
1080,MD,CHAIN PHARMACY,DE,SUSSEX,9193,0.45405,100.0,7.5,201105,1176.0
1081,MD,CHAIN PHARMACY,DE,SUSSEX,9193,1.2108,200.0,10.0,201106,1242.0
1084,MD,CHAIN PHARMACY,DE,SUSSEX,9193,0.3027,100.0,5.0,201109,1128.0
1094,MD,CHAIN PHARMACY,DE,KENT,9193,1.5135,500.0,5.0,200608,495.0
1106,MD,CHAIN PHARMACY,DE,KENT,9193,1.2108,200.0,10.0,200703,526.0
1107,MD,CHAIN PHARMACY,DE,KENT,9193,2.27025,500.0,7.5,200709,479.0
1109,MD,CHAIN PHARMACY,DE,KENT,9193,0.6054,100.0,10.0,200711,619.0
1110,MD,CHAIN PHARMACY,DE,KENT,9193,0.6054,100.0,10.0,200801,582.0
1115,MD,CHAIN PHARMACY,DE,KENT,9193,0.6054,100.0,10.0,200811,572.0
1120,MD,CHAIN PHARMACY,DE,KENT,9193,1.5135,500.0,5.0,200907,585.0
1131,MD,CHAIN PHARMACY,DE,KENT,9193,0.3027,100.0,5.0,201009,760.0
1138,MD,CHAIN PHARMACY,DE,KENT,9193,0.45405,100.0,7.5,201111,692.0
1140,MD,CHAIN PHARMACY,DE,KENT,9193,0.45405,100.0,7.5,200911,557.0
1141,MD,CHAIN PHARMACY,DE,NEW CASTLE,9143,4.03425,300.0,15.0,201104,13683.0
1143,MD,CHAIN PHARMACY,DE,NEW CASTLE,9143,10.758,400.0,30.0,201201,14583.0
1146,MD,CHAIN PHARMACY,DE,SUSSEX,9193,0.6054,100.0,10.0,200612,804.0
1162,MD,CHAIN PHARMACY,DE,KENT,9193,1.2108,200.0,10.0,200701,548.0
1170,MD,CHAIN PHARMACY,DE,KENT,9143,4.03425,300.0,15.0,200710,1990.0
1174,MD,CHAIN PHARMACY,DE,KENT,9193,1.8162,300.0,10.0,200712,575.0
1189,MD,CHAIN PHARMACY,DE,KENT,9193,0.45405,100.0,7.5,201001,633.0
1190,MD,CHAIN PHARMACY,DE,KENT,9193,0.9081,200.0,7.5,201002,614.0
1191,MD,CHAIN PHARMACY,DE,KENT,9193,1.2108,200.0,10.0,201003,706.0
1195,MD,CHAIN PHARMACY,DE,KENT,9193,1.5135,500.0,5.0,201007,612.0
1200,MD,CHAIN PHARMACY,DE,KENT,9193,2.27025,500.0,7.5,201010,832.0
1201,MD,CHAIN PHARMACY,DE,KENT,9143,3.5860000000000003,400.0,10.0,201010,4695.0
1265,MD,RETAIL PHARMACY,DE,SUSSEX,9193,1.5135,500.0,5.0,200904,1092.0
1278,MD,RETAIL PHARMACY,DE,SUSSEX,9193,0.6054,100.0,10.0,200907,1104.0
1302,MD,RETAIL PHARMACY,DE,SUSSEX,9193,1.5135,500.0,5.0,201002,935.0
1309,MD,RETAIL PHARMACY,DE,SUSSEX,9193,1.5135,500.0,5.0,201003,1102.0
1341,MD,RETAIL PHARMACY,DE,SUSSEX,9193,0.45405,100.0,7.5,201007,1053.0
1392,MD,RETAIL PHARMACY,DE,SUSSEX,9193,2.7243,600.0,7.5,201104,1086.0
1439,MD,CHAIN PHARMACY,DE,SUSSEX,9193,0.6054,100.0,10.0,200711,900.0
1443,MD,CHAIN PHARMACY,DE,SUSSEX,9193,3.027,500.0,10.0,200903,1015.0
1448,MD,CHAIN PHARMACY,DE,SUSSEX,9193,1.36215,300.0,7.5,200911,931.0
1449,MD,CHAIN PHARMACY,DE,SUSSEX,9193,0.6054,200.0,5.0,201010,1053.0
1450,MD,CHAIN PHARMACY,DE,SUSSEX,9193,0.3027,100.0,5.0,200607,794.0
1455,MD,CHAIN PHARMACY,DE,KENT,9193,0.9081,200.0,7.5,200708,628.0
1457,MD,CHAIN PHARMACY,DE,KENT,9193,1.2108,200.0,10.0,201011,767.0
1462,MD,RETAIL PHARMACY,DE,KENT,9193,2.27025,500.0,7.5,200909,562.0
1463,MD,RETAIL PHARMACY,DE,KENT,9143,0.8965,200.0,5.0,201004,3586.0
1465,MD,RETAIL PHARMACY,DE,KENT,9193,1.2108,200.0,10.0,201008,675.0
1481,MD,CHAIN PHARMACY,DE,KENT,9193,0.6054,100.0,10.0,200902,526.0
1503,MD,CHAIN PHARMACY,DE,KENT,9193,2.27025,500.0,7.5,201107,668.0
1513,MD,CHAIN PHARMACY,DE,NEW CASTLE,9143,0.672375,100.0,7.5,201012,14900.0
1514,MD,CHAIN PHARMACY,DE,NEW CASTLE,9193,0.6054,100.0,10.0,201107,1794.0
1523,MD,CHAIN PHARMACY,DE,NEW CASTLE,9193,1.5135,500.0,5.0,200903,2148.0
1524,MD,CHAIN PHARMACY,DE,NEW CASTLE,9193,0.45405,100.0,7.5,200905,1988.0
1525,MD,CHAIN PHARMACY,DE,NEW CASTLE,9193,0.45405,100.0,7.5,200908,1777.0
1526,MD,CHAIN PHARMACY,DE,NEW CASTLE,9193,0.3027,100.0,5.0,201204,2016.0
1527,MD,CHAIN PHARMACY,DE,NEW CASTLE,9193,0.3027,100.0,5.0,201208,2044.0
1529,MD,CHAIN PHARMACY,DE,NEW CASTLE,9193,0.6054,100.0,10.0,200605,2148.0
1530,MD,CHAIN PHARMACY,DE,NEW CASTLE,9193,0.45405,100.0,7.5,200611,1938.0
1531,MD,CHAIN PHARMACY,DE,NEW CASTLE,9193,0.45405,100.0,7.5,200704,1873.0
1532,MD,CHAIN PHARMACY,DE,NEW CASTLE,9193,1.5135,500.0,5.0,200812,1944.0
1533,MD,CHAIN PHARMACY,DE,NEW CASTLE,9193,0.45405,100.0,7.5,201004,1909.0
1534,MD,CHAIN PHARMACY,DE,NEW CASTLE,9193,1.36215,300.0,7.5,201008,1913.0
1535,MD,CHAIN PHARMACY,DE,NEW CASTLE,9193,0.6054,100.0,10.0,201012,1997.0
1536,MD,CHAIN PHARMACY,DE,NEW CASTLE,9193,0.45405,100.0,7.5,201108,2054.0
1537,MD,CHAIN PHARMACY,DE,NEW CASTLE,9193,0.681075,150.0,7.5,201110,1971.0
1538,MD,CHAIN PHARMACY,DE,NEW CASTLE,9193,0.408645,90.0,7.5,201202,1977.0
1539,MD,CHAIN PHARMACY,DE,NEW CASTLE,9193,0.9081,200.0,7.5,201203,2069.0
1541,MD,CHAIN PHARMACY,DE,NEW CASTLE,9193,0.45405,100.0,7.5,201209,1615.0
1545,MD,CHAIN PHARMACY,DE,SUSSEX,9193,0.6054,100.0,10.0,200709,834.0
1554,MD,CHAIN PHARMACY,DE,SUSSEX,9193,0.6054,100.0,10.0,201205,1381.0
1555,MD,CHAIN PHARMACY,DE,SUSSEX,9193,0.45405,100.0,7.5,201206,1105.0
1567,MD,CHAIN PHARMACY,DE,SUSSEX,9193,3.027,1000.0,5.0,201005,1040.0
1574,MD,CHAIN PHARMACY,DE,SUSSEX,9193,0.45405,100.0,7.5,201212,1136.0
1577,MD,CHAIN PHARMACY,DE,NEW CASTLE,9193,0.9081,200.0,7.5,200911,1876.0
1578,MD,CHAIN PHARMACY,DE,NEW CASTLE,9193,1.5135,500.0,5.0,201003,2001.0
1582,MD,CHAIN PHARMACY,DE,SUSSEX,9193,0.6054,100.0,10.0,200905,1038.0
1598,MD,CHAIN PHARMACY,DE,SUSSEX,9193,1.8162,300.0,10.0,201204,1028.0
1601,MD,CHAIN PHARMACY,DE,SUSSEX,9193,0.6054,100.0,10.0,201209,963.0
1605,NY,RETAIL PHARMACY,DE,NEW CASTLE,9193,0.45405,100.0,7.5,200603,2331.0
1610,NY,RETAIL PHARMACY,DE,NEW CASTLE,9143,0.44825,100.0,5.0,200612,8253.0
1626,NY,RETAIL PHARMACY,DE,NEW CASTLE,9143,8.0685,300.0,30.0,200903,11868.0
1627,NY,RETAIL PHARMACY,DE,NEW CASTLE,9143,10.758,1200.0,10.0,200904,11823.0
1628,NY,RETAIL PHARMACY,DE,NEW CASTLE,9143,13.4475,1000.0,15.0,200905,12846.0
1633,NY,RETAIL PHARMACY,DE,NEW CASTLE,9143,26.895,1000.0,30.0,200910,12459.0
1638,NY,RETAIL PHARMACY,DE,NEW CASTLE,9143,8.0685,1200.0,7.5,201004,13194.0
1646,NY,RETAIL PHARMACY,DE,NEW CASTLE,9143,4.03425,600.0,7.5,201010,13446.0
1648,NY,RETAIL PHARMACY,DE,NEW CASTLE,9143,4.4825,1000.0,5.0,201011,14911.0
1656,NY,RETAIL PHARMACY,DE,NEW CASTLE,9193,0.45405,100.0,7.5,201105,1984.0
1657,NY,RETAIL PHARMACY,DE,NEW CASTLE,9143,8.0685,1200.0,7.5,201105,14861.0
1659,NY,RETAIL PHARMACY,DE,NEW CASTLE,9193,0.9081,200.0,7.5,201106,2081.0
1661,NY,RETAIL PHARMACY,DE,NEW CASTLE,9143,8.0685,1200.0,7.5,201107,13666.0
1687,FL,PRACTITIONER-DW/100,DE,NEW CASTLE,9143,32.274,2400.0,15.0,200707,9564.0
1689,IL,PRACTITIONER,DE,NEW CASTLE,9193,1.8162,400.0,7.5,200608,2063.0
1690,CA,PRACTITIONER,DE,NEW CASTLE,9193,1.2108,400.0,5.0,200910,1895.0
1694,CA,PRACTITIONER,DE,NEW CASTLE,9193,0.54486,90.0,10.0,201210,2028.0
1706,OH,RETAIL PHARMACY,DE,NEW CASTLE,9143,5.379,200.0,30.0,200911,12180.0
1710,NJ,PRACTITIONER-DW/100,DE,NEW CASTLE,9193,0.12108,20.0,10.0,200702,1786.0
1726,PA,CHAIN PHARMACY,DE,SUSSEX,9193,2.27025,500.0,7.5,200705,852.0
1732,PA,CHAIN PHARMACY,DE,KENT,9193,0.45405,100.0,7.5,200603,622.0
1735,PA,CHAIN PHARMACY,DE,KENT,9193,1.5135,500.0,5.0,200604,516.0
1738,PA,CHAIN PHARMACY,DE,KENT,9193,0.6054,100.0,10.0,200606,555.0
1741,PA,CHAIN PHARMACY,DE,KENT,9193,1.5135,500.0,5.0,200610,582.0
1745,PA,CHAIN PHARMACY,DE,KENT,9193,3.027,500.0,10.0,200704,467.0
1753,PA,CHAIN PHARMACY,DE,SUSSEX,9193,1.5135,500.0,5.0,200601,624.0
1761,PA,CHAIN PHARMACY,DE,NEW CASTLE,9193,0.45405,100.0,7.5,200601,1803.0
1763,PA,CHAIN PHARMACY,DE,NEW CASTLE,9193,1.5135,500.0,5.0,200609,2130.0
1770,PA,CHAIN PHARMACY,DE,NEW CASTLE,9193,0.6054,100.0,10.0,200703,1970.0
1776,PA,CHAIN PHARMACY,DE,NEW CASTLE,9193,1.2108,200.0,10.0,200604,2156.0
1790,PA,CHAIN PHARMACY,DE,NEW CASTLE,9193,0.45405,100.0,7.5,200607,2060.0
1795,PA,CHAIN PHARMACY,DE,NEW CASTLE,9193,0.6054,100.0,10.0,200612,1883.0
1798,PA,CHAIN PHARMACY,DE,NEW CASTLE,9193,1.5135,500.0,5.0,200701,2028.0
1805,PA,CHAIN PHARMACY,DE,KENT,9193,2.27025,500.0,7.5,200611,492.0
1875,PA,CHAIN PHARMACY,DE,NEW CASTLE,9193,0.6054,100.0,10.0,200705,2019.0
1922,PA,CHAIN PHARMACY,DE,KENT,9193,0.9081,200.0,7.5,200607,530.0
1934,PA,CHAIN PHARMACY,DE,NEW CASTLE,9193,0.45405,100.0,7.5,200707,1879.0
1937,PA,CHAIN PHARMACY,DE,NEW CASTLE,9193,1.2108,200.0,10.0,200708,1813.0
1939,PA,CHAIN PHARMACY,DE,NEW CASTLE,9193,1.5135,500.0,5.0,200709,1735.0
1966,NY,RETAIL PHARMACY,DE,SUSSEX,9193,1.2108,200.0,10.0,200812,1079.0
1968,MI,PRACTITIONER-DW/100,DE,NEW CASTLE,9143,13.4475,500.0,30.0,200706,9344.0
1971,MI,RETAIL PHARMACY,DE,KENT,9193,0.45405,100.0,7.5,200710,627.0
1973,MI,RETAIL PHARMACY,DE,KENT,9193,0.6054,100.0,10.0,200912,693.0
1976,IN,PRACTITIONER,DE,NEW CASTLE,9193,2.27025,500.0,7.5,201002,1760.0
1977,NV,PRACTITIONER-DW/100,DE,KENT,9193,0.27243,60.0,7.5,201207,704.0
1978,PA,PRACTITIONER-DW/100,DE,KENT,9193,2.7243,600.0,7.5,201211,791.0
1981,MS,PRACTITIONER-DW/275,DE,NEW CASTLE,9193,0.015135,10.0,2.5,201205,2280.0
1984,NJ,RETAIL PHARMACY,DE,NEW CASTLE,9143,6.723,1500.0,5.0,200709,9039.0
2001,NJ,RETAIL PHARMACY,DE,NEW CASTLE,9143,2.24125,500.0,5.0,200902,10569.0
2023,NJ,RETAIL PHARMACY,DE,KENT,9193,2.27025,500.0,7.5,200802,627.0
2030,NJ,RETAIL PHARMACY,DE,KENT,9193,1.5135,500.0,5.0,200806,585.0
2041,NJ,RETAIL PHARMACY,DE,KENT,9193,0.45405,100.0,7.5,200908,595.0
2063,NJ,RETAIL PHARMACY,DE,KENT,9143,3.5860000000000003,400.0,10.0,201203,4342.0
2064,NJ,RETAIL PHARMACY,DE,KENT,9143,5.379,600.0,10.0,201206,3986.0
2065,NJ,RETAIL PHARMACY,DE,KENT,9143,8.0685,300.0,30.0,201207,3983.0
2067,NJ,RETAIL PHARMACY,DE,KENT,9143,4.4825,500.0,10.0,201208,4264.0
2068,NJ,RETAIL PHARMACY,DE,KENT,9193,0.3027,100.0,5.0,201208,738.0
2069,NJ,RETAIL PHARMACY,DE,KENT,9143,10.758,400.0,30.0,201211,3986.0
2074,NJ,RETAIL PHARMACY,DE,SUSSEX,9143,2.6895,200.0,15.0,201204,6788.0
2075,NJ,RETAIL PHARMACY,DE,SUSSEX,9143,10.758,400.0,30.0,201205,7046.0
2080,NJ,RETAIL PHARMACY,DE,NEW CASTLE,9143,4.4825,1000.0,5.0,200812,12440.0
2120,NJ,RETAIL PHARMACY,DE,NEW CASTLE,9143,16.137,1200.0,15.0,201001,12242.0
2128,MD,CHAIN PHARMACY,DE,KENT,9193,1.2108,200.0,10.0,200605,489.0
2135,MD,CHAIN PHARMACY,DE,KENT,9193,0.6054,100.0,10.0,200804,602.0
2137,MD,CHAIN PHARMACY,DE,KENT,9193,1.5135,500.0,5.0,200910,660.0
2143,MD,CHAIN PHARMACY,DE,KENT,9193,0.45405,100.0,7.5,201106,749.0
2145,MD,CHAIN PHARMACY,DE,KENT,9193,0.45405,100.0,7.5,201210,683.0
2148,MD,CHAIN PHARMACY,DE,KENT,9193,0.45405,100.0,7.5,200702,496.0
2152,MD,CHAIN PHARMACY,DE,KENT,9193,0.45405,100.0,7.5,200805,597.0
2171,MD,CHAIN PHARMACY,DE,KENT,9193,0.45405,100.0,7.5,201102,677.0
2181,MD,CHAIN PHARMACY,DE,KENT,9193,0.45405,100.0,7.5,201201,694.0
2182,MD,CHAIN PHARMACY,DE,KENT,9193,1.5135,500.0,5.0,201202,652.0
2183,MD,CHAIN PHARMACY,DE,KENT,9193,1.5135,500.0,5.0,201204,740.0
2187,MD,CHAIN PHARMACY,DE,KENT,9193,1.5135,500.0,5.0,201212,717.0
2206,MD,CHAIN PHARMACY,DE,SUSSEX,9193,0.45405,100.0,7.5,200806,900.0
2212,MD,CHAIN PHARMACY,DE,SUSSEX,9193,0.6054,100.0,10.0,200810,980.0
2252,MD,CHAIN PHARMACY,DE,SUSSEX,9193,1.5135,500.0,5.0,201202,1008.0
2253,MD,CHAIN PHARMACY,DE,SUSSEX,9193,1.5135,500.0,5.0,201203,1135.0
2257,MD,CHAIN PHARMACY,DE,SUSSEX,9193,0.45405,100.0,7.5,201210,1141.0
2292,MD,CHAIN PHARMACY,DE,SUSSEX,9193,0.45405,100.0,7.5,201001,942.0
2320,MD,CHAIN PHARMACY,DE,SUSSEX,9193,0.6054,100.0,10.0,201207,1145.0
2324,MD,CHAIN PHARMACY,DE,SUSSEX,9193,0.45405,100.0,7.5,201211,1165.0
2336,MD,CHAIN PHARMACY,DE,NEW CASTLE,9193,1.2108,200.0,10.0,200809,1921.0
2338,MD,CHAIN PHARMACY,DE,NEW CASTLE,9193,1.5135,500.0,5.0,200906,1959.0
2341,MD,CHAIN PHARMACY,DE,NEW CASTLE,9193,0.45405,100.0,7.5,201005,1947.0
2342,MD,CHAIN PHARMACY,DE,NEW CASTLE,9193,0.6054,100.0,10.0,201009,1865.0
2432,MD,CHAIN PHARMACY,DE,SUSSEX,9193,1.5135,500.0,5.0,200802,902.0
2459,MD,CHAIN PHARMACY,DE,KENT,9193,0.6054,100.0,10.0,200601,481.0
2464,MD,CHAIN PHARMACY,DE,KENT,9193,0.45405,100.0,7.5,200609,495.0
2498,MD,CHAIN PHARMACY,DE,KENT,9193,0.9081,200.0,7.5,201006,647.0
2509,MD,CHAIN PHARMACY,DE,KENT,9193,0.6054,100.0,10.0,201110,706.0
2513,MD,CHAIN PHARMACY,DE,KENT,9193,0.45405,100.0,7.5,201203,765.0
2515,MD,CHAIN PHARMACY,DE,KENT,9193,1.5135,500.0,5.0,201205,917.0
2516,MD,CHAIN PHARMACY,DE,KENT,9193,0.3027,100.0,5.0,201206,710.0
2517,MD,CHAIN PHARMACY,DE,KENT,9193,0.45405,100.0,7.5,201209,594.0
2539,MD,CHAIN PHARMACY,DE,NEW CASTLE,9193,1.5135,500.0,5.0,200712,2616.0
2552,MD,CHAIN PHARMACY,DE,NEW CASTLE,9193,0.45405,100.0,7.5,200901,1868.0
2555,MD,CHAIN PHARMACY,DE,NEW CASTLE,9193,1.5135,500.0,5.0,200904,1965.0
2563,MD,CHAIN PHARMACY,DE,NEW CASTLE,9193,0.6054,100.0,10.0,201007,1793.0
2566,MD,CHAIN PHARMACY,DE,NEW CASTLE,9193,0.45405,100.0,7.5,201102,1777.0
2569,MD,CHAIN PHARMACY,DE,NEW CASTLE,9193,0.45405,100.0,7.5,201109,1934.0
2570,MD,CHAIN PHARMACY,DE,NEW CASTLE,9193,0.45405,100.0,7.5,201112,1983.0
2574,MD,CHAIN PHARMACY,DE,NEW CASTLE,9193,0.3027,100.0,5.0,200907,2009.0
2575,MD,CHAIN PHARMACY,DE,NEW CASTLE,9193,0.9081,200.0,7.5,200909,1866.0
2579,MD,CHAIN PHARMACY,DE,NEW CASTLE,9193,0.45405,100.0,7.5,201010,1811.0
2703,NJ,RETAIL PHARMACY,DE,NEW CASTLE,9193,1.5135,500.0,5.0,200710,2077.0
2707,NJ,RETAIL PHARMACY,DE,NEW CASTLE,9193,1.2108,200.0,10.0,200902,1854.0
2721,NJ,RETAIL PHARMACY,DE,NEW CASTLE,9193,1.5135,500.0,5.0,201006,2045.0
2728,NJ,RETAIL PHARMACY,DE,NEW CASTLE,9143,0.8965,100.0,10.0,201109,13544.0
2734,NJ,RETAIL PHARMACY,DE,NEW CASTLE,9193,1.5135,500.0,5.0,201201,1920.0
2736,NJ,RETAIL PHARMACY,DE,NEW CASTLE,9143,5.379,200.0,30.0,201202,12074.0
2737,NJ,RETAIL PHARMACY,DE,NEW CASTLE,9143,2.6895,300.0,10.0,201204,13333.0
2738,NJ,RETAIL PHARMACY,DE,NEW CASTLE,9193,1.5135,500.0,5.0,201206,1801.0
2739,NJ,RETAIL PHARMACY,DE,NEW CASTLE,9143,5.379,600.0,10.0,201207,13246.0
2741,NJ,RETAIL PHARMACY,DE,NEW CASTLE,9143,1.34475,200.0,7.5,201211,12571.0
2742,NJ,RETAIL PHARMACY,DE,NEW CASTLE,9193,0.45405,100.0,7.5,201212,2115.0
2743,NJ,RETAIL PHARMACY,DE,NEW CASTLE,9143,10.758,400.0,30.0,201212,12163.0
3162,NJ,CHAIN PHARMACY,DE,SUSSEX,9143,1.793,200.0,10.0,201209,6123.0
3163,NJ,CHAIN PHARMACY,DE,SUSSEX,9143,11.6545,1300.0,10.0,201211,6327.0
3164,NJ,CHAIN PHARMACY,DE,SUSSEX,9143,0.8965,100.0,10.0,201212,6278.0
3230,NJ,CHAIN PHARMACY,DE,NEW CASTLE,9143,1.793,200.0,10.0,201210,13222.0
3256,NJ,CHAIN PHARMACY,DE,NEW CASTLE,9193,0.6054,100.0,10.0,201101,1902.0
3266,NJ,CHAIN PHARMACY,DE,SUSSEX,9143,2.6895,200.0,15.0,201208,6524.0
3364,NJ,CHAIN PHARMACY,DE,NEW CASTLE,9193,3.027,500.0,10.0,200711,2007.0
3367,NJ,CHAIN PHARMACY,DE,NEW CASTLE,9143,17.93,2000.0,10.0,201205,13179.0
3384,NJ,CHAIN PHARMACY,DE,NEW CASTLE,9143,2.6895,600.0,5.0,201209,11781.0
3405,NJ,CHAIN PHARMACY,DE,NEW CASTLE,9143,1.793,200.0,10.0,201206,12776.0
3461,NJ,CHAIN PHARMACY,DE,NEW CASTLE,9143,1.793,200.0,10.0,201208,12506.0
3484,NJ,CHAIN PHARMACY,DE,NEW CASTLE,9193,2.27025,500.0,7.5,201111,1811.0
3507,NJ,RETAIL PHARMACY,DE,KENT,9143,16.137,600.0,30.0,201202,4106.0
3511,NJ,RETAIL PHARMACY,DE,KENT,9143,7.1720000000000015,100.0,80.0,201212,3969.0
3527,NJ,CHAIN PHARMACY,DE,SUSSEX,9143,1.793,200.0,10.0,201202,7025.0
3529,NJ,CHAIN PHARMACY,DE,SUSSEX,9143,3.13775,700.0,5.0,201206,7329.0
3561,NJ,CHAIN PHARMACY,DE,KENT,9143,5.379,600.0,10.0,201204,3715.0
3562,NJ,CHAIN PHARMACY,DE,KENT,9143,3.5860000000000003,100.0,40.0,201205,4022.0
3621,NJ,RETAIL PHARMACY,DE,NEW CASTLE,9143,1.793,400.0,5.0,201203,12772.0
3655,NJ,CHAIN PHARMACY,DE,KENT,9143,10.758,300.0,40.0,201210,3959.0
3678,NJ,CHAIN PHARMACY,DE,NEW CASTLE,9193,0.45405,100.0,7.5,201211,2062.0
3696,NJ,CHAIN PHARMACY,DE,SUSSEX,9143,0.8965,100.0,10.0,201207,6974.0
3743,NJ,CHAIN PHARMACY,DE,KENT,9143,5.379,1200.0,5.0,201209,3889.0
3762,NJ,CHAIN PHARMACY,DE,SUSSEX,9143,2.6895,300.0,10.0,201210,6342.0
3783,NJ,RETAIL PHARMACY,DE,NEW CASTLE,9193,1.8162,600.0,5.0,201001,1740.0
4152,FL,PRACTITIONER,DE,KENT,9193,1.2108,200.0,10.0,200812,704.0
4160,FL,RETAIL PHARMACY,DE,NEW CASTLE,9193,2.27025,500.0,7.5,200912,2095.0
4165,FL,RETAIL PHARMACY,DE,SUSSEX,9193,1.5135,500.0,5.0,201208,1254.0
4170,MI,RETAIL PHARMACY,DE,KENT,9193,2.27025,500.0,7.5,201109,811.0
4304,IL,CHAIN PHARMACY,DE,KENT,9193,0.45405,100.0,7.5,201104,665.0
4407,OH,RETAIL PHARMACY,DE,SUSSEX,9143,5.379,400.0,15.0,201203,7733.0
4489,VA,RETAIL PHARMACY,DE,KENT,9193,0.3027,100.0,5.0,201108,838.0
4674,MD,CHAIN PHARMACY,DE,NEW CASTLE,9193,1.5135,500.0,5.0,201207,1954.0
4947,MD,CHAIN PHARMACY,DE,KENT,9193,0.45405,100.0,7.5,200810,653.0
5162,MD,CHAIN PHARMACY,DE,KENT,9193,2.4216,400.0,10.0,200803,590.0
5163,MD,CHAIN PHARMACY,DE,KENT,9193,6.0539999999999985,2000.0,5.0,200807,699.0
5165,MD,CHAIN PHARMACY,DE,KENT,9193,4.5405,1500.0,5.0,200809,576.0
7143,MD,CHAIN PHARMACY,DE,KENT,9193,0.45405,100.0,7.5,200706,526.0
