,REPORTER_STATE,BUYER_BUS_ACT,BUYER_STATE,BUYER_COUNTY,DRUG_CODE,CALC_BASE_WT_IN_GM,DOSAGE_UNIT,MME_Conversion_Factor,dos_str,year/month,quantity
0,MD,CHAIN PHARMACY,RI,WASHINGTON,9193,0.6054,100.0,1.0,10.0,200707,754.0
1,MD,CHAIN PHARMACY,RI,WASHINGTON,9193,0.6054,100.0,1.0,10.0,200802,741.0
2,MD,CHAIN PHARMACY,RI,WASHINGTON,9193,0.3027,100.0,1.0,5.0,200805,821.0
3,MD,CHAIN PHARMACY,RI,WASHINGTON,9193,0.3027,100.0,1.0,5.0,200808,821.0
4,MD,CHAIN PHARMACY,RI,WASHINGTON,9193,0.45405,100.0,1.0,7.5,200911,731.0
5,MD,CHAIN PHARMACY,RI,PROVIDENCE,9193,1.5135,500.0,1.0,5.0,200808,3335.0
6,MD,CHAIN PHARMACY,RI,PROVIDENCE,9193,1.5135,500.0,1.0,5.0,201007,3667.0
7,MD,CHAIN PHARMACY,RI,PROVIDENCE,9193,1.5135,500.0,1.0,5.0,201010,3580.0
8,MD,CHAIN PHARMACY,RI,PROVIDENCE,9193,0.3027,100.0,1.0,5.0,201112,3666.0
9,MD,CHAIN PHARMACY,RI,PROVIDENCE,9193,1.5135,500.0,1.0,5.0,201202,3601.0
10,MD,CHAIN PHARMACY,RI,NEWPORT,9193,0.6054,100.0,1.0,10.0,200706,352.0
11,MD,CHAIN PHARMACY,RI,NEWPORT,9193,0.6054,100.0,1.0,10.0,200802,295.0
12,MD,CHAIN PHARMACY,RI,NEWPORT,9193,0.6054,100.0,1.0,10.0,200804,367.0
13,MD,CHAIN PHARMACY,RI,NEWPORT,9193,0.6054,100.0,1.0,10.0,200809,369.0
14,MD,CHAIN PHARMACY,RI,NEWPORT,9193,1.5135,500.0,1.0,5.0,200810,374.0
15,MD,CHAIN PHARMACY,RI,NEWPORT,9193,1.2108,200.0,1.0,10.0,200905,377.0
16,MD,CHAIN PHARMACY,RI,NEWPORT,9193,1.5135,500.0,1.0,5.0,200906,389.0
17,MD,CHAIN PHARMACY,RI,NEWPORT,9193,0.6054,100.0,1.0,10.0,200907,372.0
18,MD,CHAIN PHARMACY,RI,NEWPORT,9193,0.6054,100.0,1.0,10.0,200908,376.0
19,MD,CHAIN PHARMACY,RI,NEWPORT,9193,0.6054,100.0,1.0,10.0,200910,414.0
20,MD,CHAIN PHARMACY,RI,NEWPORT,9193,1.5135,500.0,1.0,5.0,200912,431.0
21,MD,CHAIN PHARMACY,RI,NEWPORT,9193,2.27025,500.0,1.0,7.5,201005,354.0
22,MD,CHAIN PHARMACY,RI,NEWPORT,9193,1.5135,500.0,1.0,5.0,201008,428.0
23,MD,CHAIN PHARMACY,RI,NEWPORT,9193,0.3027,100.0,1.0,5.0,201011,380.0
24,MD,CHAIN PHARMACY,RI,NEWPORT,9193,0.45405,100.0,1.0,7.5,201101,411.0
26,MD,CHAIN PHARMACY,RI,NEWPORT,9193,0.6054,100.0,1.0,10.0,201102,376.0
28,MD,CHAIN PHARMACY,RI,NEWPORT,9193,0.45405,100.0,1.0,7.5,201103,384.0
29,MD,CHAIN PHARMACY,RI,NEWPORT,9193,2.27025,500.0,1.0,7.5,201104,426.0
30,MD,CHAIN PHARMACY,RI,NEWPORT,9193,0.6054,100.0,1.0,10.0,201105,398.0
31,MD,CHAIN PHARMACY,RI,NEWPORT,9193,1.5135,500.0,1.0,5.0,201203,392.0
32,MD,CHAIN PHARMACY,RI,NEWPORT,9193,0.9081,200.0,1.0,7.5,201204,359.0
33,MD,CHAIN PHARMACY,RI,KENT,9193,2.27025,500.0,1.0,7.5,200602,1405.0
34,MD,CHAIN PHARMACY,RI,KENT,9193,1.5135,500.0,1.0,5.0,200802,1259.0
35,MD,CHAIN PHARMACY,RI,KENT,9193,1.5135,500.0,1.0,5.0,200803,1331.0
36,MD,CHAIN PHARMACY,RI,KENT,9193,0.45405,100.0,1.0,7.5,200905,1877.0
37,MD,CHAIN PHARMACY,RI,KENT,9193,0.6054,100.0,1.0,10.0,200912,2388.0
38,MD,CHAIN PHARMACY,RI,KENT,9193,1.5135,500.0,1.0,5.0,201011,2224.0
40,MD,CHAIN PHARMACY,RI,KENT,9193,0.3027,100.0,1.0,5.0,201208,1778.0
41,MD,CHAIN PHARMACY,RI,KENT,9193,0.6054,100.0,1.0,10.0,201211,2053.0
42,MD,CHAIN PHARMACY,RI,KENT,9193,1.5135,500.0,1.0,5.0,201212,2092.0
43,MD,CHAIN PHARMACY,RI,PROVIDENCE,9193,2.27025,500.0,1.0,7.5,200604,2846.0
44,MD,CHAIN PHARMACY,RI,PROVIDENCE,9193,0.45405,100.0,1.0,7.5,200609,2999.0
46,MD,CHAIN PHARMACY,RI,PROVIDENCE,9193,0.45405,100.0,1.0,7.5,200701,2985.0
47,MD,CHAIN PHARMACY,RI,PROVIDENCE,9193,0.6054,100.0,1.0,10.0,200702,2713.0
48,MD,CHAIN PHARMACY,RI,PROVIDENCE,9193,0.6054,100.0,1.0,10.0,200703,3239.0
49,MD,CHAIN PHARMACY,RI,PROVIDENCE,9193,0.6054,100.0,1.0,10.0,200706,3092.0
50,MD,CHAIN PHARMACY,RI,PROVIDENCE,9193,2.27025,500.0,1.0,7.5,200803,3315.0
51,MD,CHAIN PHARMACY,RI,PROVIDENCE,9193,0.3027,100.0,1.0,5.0,200805,3512.0
52,MD,CHAIN PHARMACY,RI,PROVIDENCE,9193,1.2108,200.0,1.0,10.0,201003,3538.0
53,MD,CHAIN PHARMACY,RI,PROVIDENCE,9193,1.5135,500.0,1.0,5.0,201012,3547.0
54,MD,CHAIN PHARMACY,RI,PROVIDENCE,9193,0.6054,100.0,1.0,10.0,201104,3476.0
55,MD,CHAIN PHARMACY,RI,PROVIDENCE,9193,0.3027,100.0,1.0,5.0,201106,3998.0
56,MD,CHAIN PHARMACY,RI,PROVIDENCE,9193,3.027,1000.0,1.0,5.0,201108,3823.0
57,MD,CHAIN PHARMACY,RI,PROVIDENCE,9193,2.27025,500.0,1.0,7.5,201111,3962.0
58,MD,CHAIN PHARMACY,RI,PROVIDENCE,9193,0.6054,100.0,1.0,10.0,201201,3415.0
60,MD,CHAIN PHARMACY,RI,WASHINGTON,9193,0.6054,100.0,1.0,10.0,200612,624.0
61,MD,CHAIN PHARMACY,RI,WASHINGTON,9193,2.27025,500.0,1.0,7.5,200712,815.0
62,MD,CHAIN PHARMACY,RI,WASHINGTON,9193,1.5135,500.0,1.0,5.0,200807,935.0
63,MD,CHAIN PHARMACY,RI,WASHINGTON,9193,1.5135,500.0,1.0,5.0,200903,898.0
64,MD,CHAIN PHARMACY,RI,WASHINGTON,9193,1.5135,500.0,1.0,5.0,201103,874.0
65,MD,CHAIN PHARMACY,RI,WASHINGTON,9193,1.5135,500.0,1.0,5.0,201105,759.0
66,MD,CHAIN PHARMACY,RI,WASHINGTON,9193,1.5135,500.0,1.0,5.0,201111,804.0
67,MD,CHAIN PHARMACY,RI,WASHINGTON,9193,0.6054,100.0,1.0,10.0,200804,709.0
69,MD,CHAIN PHARMACY,RI,PROVIDENCE,9193,0.6054,100.0,1.0,10.0,200905,3422.0
70,MD,CHAIN PHARMACY,RI,PROVIDENCE,9193,0.45405,100.0,1.0,7.5,201105,3651.0
71,MD,CHAIN PHARMACY,RI,PROVIDENCE,9193,1.5135,500.0,1.0,5.0,201205,4260.0
72,MD,CHAIN PHARMACY,RI,PROVIDENCE,9193,0.45405,100.0,1.0,7.5,201206,3542.0
73,MD,CHAIN PHARMACY,RI,PROVIDENCE,9193,0.45405,100.0,1.0,7.5,201211,4092.0
75,MD,CHAIN PHARMACY,RI,KENT,9193,0.6054,200.0,1.0,5.0,200603,1284.0
76,MD,CHAIN PHARMACY,RI,KENT,9193,0.45405,100.0,1.0,7.5,200604,1811.0
77,MD,CHAIN PHARMACY,RI,KENT,9193,0.3027,100.0,1.0,5.0,200608,1206.0
78,MD,CHAIN PHARMACY,RI,KENT,9193,0.6054,100.0,1.0,10.0,200611,1265.0
79,MD,CHAIN PHARMACY,RI,KENT,9193,0.6054,100.0,1.0,10.0,200712,1333.0
80,MD,CHAIN PHARMACY,RI,KENT,9193,1.5135,500.0,1.0,5.0,200809,1444.0
81,MD,CHAIN PHARMACY,RI,KENT,9193,1.5135,500.0,1.0,5.0,200901,1341.0
83,MD,CHAIN PHARMACY,RI,KENT,9193,0.3027,100.0,1.0,5.0,201010,2051.0
84,MD,CHAIN PHARMACY,RI,KENT,9193,0.6054,100.0,1.0,10.0,201102,1933.0
85,MD,CHAIN PHARMACY,RI,KENT,9193,0.6054,100.0,1.0,10.0,201107,2030.0
86,MD,CHAIN PHARMACY,RI,BRISTOL,9193,0.45405,100.0,1.0,7.5,200608,120.0
87,MD,CHAIN PHARMACY,RI,BRISTOL,9193,0.6054,100.0,1.0,10.0,200707,159.0
88,MD,CHAIN PHARMACY,RI,BRISTOL,9193,0.6054,100.0,1.0,10.0,200711,156.0
89,MD,CHAIN PHARMACY,RI,PROVIDENCE,9193,0.6054,100.0,1.0,10.0,200603,2085.0
90,MD,CHAIN PHARMACY,RI,PROVIDENCE,9193,0.3027,100.0,1.0,5.0,200608,3119.0
91,MD,CHAIN PHARMACY,RI,PROVIDENCE,9193,0.6054,100.0,1.0,10.0,200802,3202.0
92,MD,CHAIN PHARMACY,RI,PROVIDENCE,9193,0.6054,100.0,1.0,10.0,200806,3367.0
93,MD,CHAIN PHARMACY,RI,PROVIDENCE,9193,0.6054,100.0,1.0,10.0,200811,3317.0
94,MD,CHAIN PHARMACY,RI,PROVIDENCE,9193,2.27025,500.0,1.0,7.5,200906,3417.0
95,MD,CHAIN PHARMACY,RI,PROVIDENCE,9193,0.45405,100.0,1.0,7.5,201109,3820.0
99,MD,CHAIN PHARMACY,RI,PROVIDENCE,9193,0.45405,100.0,1.0,7.5,200612,3049.0
100,MD,CHAIN PHARMACY,RI,PROVIDENCE,9193,1.5135,500.0,1.0,5.0,200801,3529.0
104,MD,CHAIN PHARMACY,RI,PROVIDENCE,9193,2.27025,500.0,1.0,7.5,200809,3271.0
105,MD,CHAIN PHARMACY,RI,PROVIDENCE,9193,1.5135,500.0,1.0,5.0,200910,3212.0
106,MD,CHAIN PHARMACY,RI,PROVIDENCE,9193,0.6054,100.0,1.0,10.0,201004,3376.0
112,MD,CHAIN PHARMACY,RI,PROVIDENCE,9193,1.5135,500.0,1.0,5.0,201212,4204.0
113,MD,CHAIN PHARMACY,RI,PROVIDENCE,9193,2.27025,500.0,1.0,7.5,200601,1999.0
117,MD,CHAIN PHARMACY,RI,PROVIDENCE,9193,0.6054,100.0,1.0,10.0,200707,3363.0
119,MD,CHAIN PHARMACY,RI,PROVIDENCE,9193,4.5405,1000.0,1.0,7.5,200901,3255.0
120,MD,CHAIN PHARMACY,RI,PROVIDENCE,9193,0.6054,100.0,1.0,10.0,200907,3271.0
122,MD,CHAIN PHARMACY,RI,PROVIDENCE,9193,2.27025,500.0,1.0,7.5,200908,3134.0
123,MD,CHAIN PHARMACY,RI,PROVIDENCE,9193,2.27025,500.0,1.0,7.5,200909,3478.0
125,MD,CHAIN PHARMACY,RI,PROVIDENCE,9193,0.6054,100.0,1.0,10.0,201006,3395.0
127,MD,CHAIN PHARMACY,RI,PROVIDENCE,9193,0.6054,100.0,1.0,10.0,201009,3496.0
131,MD,CHAIN PHARMACY,RI,PROVIDENCE,9193,0.6054,100.0,1.0,10.0,201209,3386.0
132,MD,CHAIN PHARMACY,RI,PROVIDENCE,9193,0.6054,100.0,1.0,10.0,201210,3979.0
135,MD,CHAIN PHARMACY,RI,PROVIDENCE,9193,0.9081,200.0,1.0,7.5,200705,3395.0
143,MD,CHAIN PHARMACY,RI,PROVIDENCE,9193,0.6054,100.0,1.0,10.0,201002,2815.0
148,MD,CHAIN PHARMACY,RI,PROVIDENCE,9193,0.45405,100.0,1.0,7.5,201107,3671.0
150,MD,CHAIN PHARMACY,RI,PROVIDENCE,9193,1.5135,500.0,1.0,5.0,201204,3467.0
160,MD,CHAIN PHARMACY,RI,PROVIDENCE,9193,2.27025,500.0,1.0,7.5,200911,3190.0
164,MD,CHAIN PHARMACY,RI,PROVIDENCE,9193,0.6054,100.0,1.0,10.0,200605,3369.0
165,MD,CHAIN PHARMACY,RI,NEWPORT,9193,1.2108,200.0,1.0,10.0,200604,270.0
166,MD,CHAIN PHARMACY,RI,NEWPORT,9193,0.6054,100.0,1.0,10.0,200608,300.0
168,MD,CHAIN PHARMACY,RI,PROVIDENCE,9193,0.6054,100.0,1.0,10.0,200912,3925.0
173,MD,CHAIN PHARMACY,RI,PROVIDENCE,9193,0.45405,100.0,1.0,7.5,200602,1825.0
176,MD,CHAIN PHARMACY,RI,PROVIDENCE,9193,0.45405,100.0,1.0,7.5,200607,2769.0
180,MD,CHAIN PHARMACY,RI,PROVIDENCE,9193,1.2108,200.0,1.0,10.0,200812,3878.0
182,MD,CHAIN PHARMACY,RI,PROVIDENCE,9193,0.45405,100.0,1.0,7.5,200904,3365.0
187,MD,CHAIN PHARMACY,RI,PROVIDENCE,9193,0.6054,100.0,1.0,10.0,201005,3346.0
188,MD,CHAIN PHARMACY,RI,PROVIDENCE,9193,0.6054,100.0,1.0,10.0,201008,3773.0
190,MD,CHAIN PHARMACY,RI,PROVIDENCE,9193,2.27025,500.0,1.0,7.5,201011,3497.0
191,MD,CHAIN PHARMACY,RI,PROVIDENCE,9193,1.5135,500.0,1.0,5.0,201103,3892.0
194,MD,CHAIN PHARMACY,RI,PROVIDENCE,9193,0.6054,100.0,1.0,10.0,201207,3578.0
199,MD,CHAIN PHARMACY,RI,KENT,9193,2.27025,500.0,1.0,7.5,200808,1383.0
201,MD,CHAIN PHARMACY,RI,KENT,9193,0.6054,100.0,1.0,10.0,200908,2235.0
203,MD,CHAIN PHARMACY,RI,KENT,9193,1.2108,200.0,1.0,10.0,201002,2193.0
204,MD,CHAIN PHARMACY,RI,KENT,9193,0.45405,100.0,1.0,7.5,201006,2314.0
205,MD,CHAIN PHARMACY,RI,KENT,9193,0.3027,100.0,1.0,5.0,201007,2151.0
207,MD,CHAIN PHARMACY,RI,KENT,9193,2.27025,500.0,1.0,7.5,201009,2421.0
208,MD,CHAIN PHARMACY,RI,KENT,9193,1.5135,500.0,1.0,5.0,201101,1999.0
210,MD,CHAIN PHARMACY,RI,KENT,9193,0.6054,100.0,1.0,10.0,201104,2206.0
211,MD,CHAIN PHARMACY,RI,KENT,9193,0.6054,100.0,1.0,10.0,201105,2533.0
213,MD,CHAIN PHARMACY,RI,KENT,9193,0.6054,100.0,1.0,10.0,201202,1841.0
214,MD,CHAIN PHARMACY,RI,KENT,9193,0.45405,100.0,1.0,7.5,201204,2306.0
215,MD,CHAIN PHARMACY,RI,KENT,9193,3.027,1000.0,1.0,5.0,201205,3190.0
216,MD,CHAIN PHARMACY,RI,KENT,9193,0.6054,100.0,1.0,10.0,201207,2700.0
219,MD,CHAIN PHARMACY,RI,KENT,9193,0.6054,100.0,1.0,10.0,201210,3015.0
220,MD,CHAIN PHARMACY,RI,PROVIDENCE,9193,0.45405,100.0,1.0,7.5,200611,2733.0
224,MD,CHAIN PHARMACY,RI,PROVIDENCE,9193,2.4216,400.0,1.0,10.0,200708,3658.0
225,MD,CHAIN PHARMACY,RI,PROVIDENCE,9193,0.6054,100.0,1.0,10.0,200804,3462.0
245,MD,CHAIN PHARMACY,RI,PROVIDENCE,9193,0.136215,30.0,1.0,7.5,201208,3804.0
247,MD,CHAIN PHARMACY,RI,WASHINGTON,9193,0.6054,100.0,1.0,10.0,200706,653.0
248,NY,RETAIL PHARMACY,RI,PROVIDENCE,9143,3.5860000000000003,200.0,1.5,20.0,200605,4910.0
250,NY,RETAIL PHARMACY,RI,PROVIDENCE,9193,0.9081,200.0,1.0,7.5,200710,4236.0
251,NY,RETAIL PHARMACY,RI,PROVIDENCE,9193,0.9081,200.0,1.0,7.5,200903,3855.0
252,NY,RETAIL PHARMACY,RI,PROVIDENCE,9143,5.379,100.0,1.5,60.0,200912,6809.0
253,NY,RETAIL PHARMACY,RI,PROVIDENCE,9193,4.5405,1000.0,1.0,7.5,200902,3901.0
254,NY,RETAIL PHARMACY,RI,PROVIDENCE,9143,2.6895,300.0,1.5,10.0,200601,4719.0
258,NY,RETAIL PHARMACY,RI,PROVIDENCE,9143,0.44825,100.0,1.5,5.0,200602,3929.0
261,NY,RETAIL PHARMACY,RI,PROVIDENCE,9143,1.793,200.0,1.5,10.0,200604,4394.0
270,NY,RETAIL PHARMACY,RI,PROVIDENCE,9193,2.27025,500.0,1.0,7.5,200610,3008.0
271,NY,RETAIL PHARMACY,RI,PROVIDENCE,9143,1.793,200.0,1.5,10.0,200610,4863.0
277,NY,RETAIL PHARMACY,RI,PROVIDENCE,9143,5.379,200.0,1.5,30.0,200702,4862.0
280,NY,RETAIL PHARMACY,RI,PROVIDENCE,9143,43.032,1200.0,1.5,40.0,200703,4963.0
281,NY,RETAIL PHARMACY,RI,PROVIDENCE,9193,1.2108,200.0,1.0,10.0,200704,2740.0
282,NY,RETAIL PHARMACY,RI,PROVIDENCE,9143,43.032,1200.0,1.5,40.0,200704,4773.0
285,NY,RETAIL PHARMACY,RI,PROVIDENCE,9143,5.379,200.0,1.5,30.0,200707,5163.0
288,NY,RETAIL PHARMACY,RI,PROVIDENCE,9143,86.064,1200.0,1.5,80.0,200708,5446.0
291,NY,RETAIL PHARMACY,RI,PROVIDENCE,9193,2.27025,500.0,1.0,7.5,200712,3310.0
292,NY,RETAIL PHARMACY,RI,PROVIDENCE,9143,5.379,600.0,1.5,10.0,200801,5655.0
293,NY,RETAIL PHARMACY,RI,PROVIDENCE,9143,1.793,200.0,1.5,10.0,200802,5072.0
294,NY,RETAIL PHARMACY,RI,PROVIDENCE,9143,8.965,2000.0,1.5,5.0,200803,5734.0
295,NY,RETAIL PHARMACY,RI,PROVIDENCE,9143,2.6895,400.0,1.5,7.5,200804,5708.0
297,NY,RETAIL PHARMACY,RI,PROVIDENCE,9143,86.064,1200.0,1.5,80.0,200805,5278.0
298,NY,RETAIL PHARMACY,RI,PROVIDENCE,9143,43.032,1200.0,1.5,40.0,200806,5413.0
303,NY,RETAIL PHARMACY,RI,PROVIDENCE,9193,1.2108,200.0,1.0,10.0,200807,3663.0
304,NY,RETAIL PHARMACY,RI,PROVIDENCE,9143,10.758,600.0,1.5,20.0,200807,5990.0
306,NY,RETAIL PHARMACY,RI,PROVIDENCE,9143,10.758,1200.0,1.5,10.0,200808,5529.0
308,NY,RETAIL PHARMACY,RI,PROVIDENCE,9143,5.379,200.0,1.5,30.0,200809,5922.0
310,NY,RETAIL PHARMACY,RI,PROVIDENCE,9143,21.516,600.0,1.5,40.0,200811,5065.0
314,NY,RETAIL PHARMACY,RI,PROVIDENCE,9143,43.032,1200.0,1.5,40.0,200812,6315.0
318,NY,RETAIL PHARMACY,RI,PROVIDENCE,9143,10.758,200.0,1.5,60.0,200901,5463.0
320,NY,RETAIL PHARMACY,RI,PROVIDENCE,9143,5.379,200.0,1.5,30.0,200902,4822.0
322,NY,RETAIL PHARMACY,RI,PROVIDENCE,9143,8.0685,300.0,1.5,30.0,200903,5307.0
325,NY,RETAIL PHARMACY,RI,PROVIDENCE,9143,57.37600000000001,800.0,1.5,80.0,200904,6254.0
329,NY,RETAIL PHARMACY,RI,PROVIDENCE,9143,10.758,1200.0,1.5,10.0,200906,5921.0
333,NY,RETAIL PHARMACY,RI,PROVIDENCE,9143,10.758,1200.0,1.5,10.0,200908,5677.0
339,NY,RETAIL PHARMACY,RI,PROVIDENCE,9143,0.44825,100.0,1.5,5.0,200909,6166.0
341,NY,RETAIL PHARMACY,RI,PROVIDENCE,9143,3.361875,500.0,1.5,7.5,200910,6229.0
348,NY,RETAIL PHARMACY,RI,PROVIDENCE,9143,2.24125,500.0,1.5,5.0,201001,5910.0
353,NY,RETAIL PHARMACY,RI,PROVIDENCE,9143,3.361875,500.0,1.5,7.5,201004,6492.0
361,NY,RETAIL PHARMACY,RI,PROVIDENCE,9143,4.4825,1000.0,1.5,5.0,201008,6812.0
362,NY,RETAIL PHARMACY,RI,PROVIDENCE,9143,10.758,1200.0,1.5,10.0,201009,7091.0
368,NY,RETAIL PHARMACY,RI,PROVIDENCE,9143,10.758,1200.0,1.5,10.0,201010,7079.0
369,NY,RETAIL PHARMACY,RI,PROVIDENCE,9143,2.6895,100.0,1.5,30.0,201011,7577.0
372,NY,RETAIL PHARMACY,RI,PROVIDENCE,9143,1.793,200.0,1.5,10.0,201012,7571.0
373,NY,RETAIL PHARMACY,RI,PROVIDENCE,9143,5.379,200.0,1.5,30.0,201101,7329.0
375,NY,RETAIL PHARMACY,RI,PROVIDENCE,9193,3.027,500.0,1.0,10.0,201101,3504.0
380,NY,RETAIL PHARMACY,RI,PROVIDENCE,9143,8.0685,300.0,1.5,30.0,201102,6715.0
385,NY,RETAIL PHARMACY,RI,PROVIDENCE,9143,7.1720000000000015,400.0,1.5,20.0,201104,7146.0
386,NY,RETAIL PHARMACY,RI,PROVIDENCE,9143,8.965,2000.0,1.5,5.0,201105,8041.0
387,NY,RETAIL PHARMACY,RI,PROVIDENCE,9143,3.5860000000000003,200.0,1.5,20.0,201106,8612.0
389,NY,RETAIL PHARMACY,RI,PROVIDENCE,9143,43.032,600.0,1.5,80.0,201107,7921.0
391,NY,RETAIL PHARMACY,RI,PROVIDENCE,9143,5.379,1200.0,1.5,5.0,201108,8469.0
394,NY,RETAIL PHARMACY,RI,PROVIDENCE,9193,2.27025,500.0,1.0,7.5,200711,3451.0
399,NY,RETAIL PHARMACY,RI,PROVIDENCE,9193,1.5135,500.0,1.0,5.0,201102,3343.0
402,NY,RETAIL PHARMACY,RI,PROVIDENCE,9143,0.8965,100.0,1.5,10.0,200612,4586.0
410,NY,RETAIL PHARMACY,RI,PROVIDENCE,9143,0.8965,100.0,1.5,10.0,200907,6105.0
413,NY,RETAIL PHARMACY,RI,PROVIDENCE,9143,0.8965,100.0,1.5,10.0,201007,6601.0
421,NY,RETAIL PHARMACY,RI,WASHINGTON,9193,1.5135,500.0,1.0,5.0,200601,307.0
422,NY,RETAIL PHARMACY,RI,WASHINGTON,9143,2.6895,300.0,1.5,10.0,200604,1061.0
423,NY,RETAIL PHARMACY,RI,WASHINGTON,9143,1.793,200.0,1.5,10.0,200605,1156.0
425,NY,RETAIL PHARMACY,RI,WASHINGTON,9193,0.6054,100.0,1.0,10.0,200608,552.0
426,NY,RETAIL PHARMACY,RI,WASHINGTON,9193,0.6054,100.0,1.0,10.0,200609,547.0
427,NY,RETAIL PHARMACY,RI,WASHINGTON,9143,4.4825,1000.0,1.5,5.0,200610,1176.0
428,NY,RETAIL PHARMACY,RI,WASHINGTON,9193,0.136215,30.0,1.0,7.5,200701,623.0
429,NY,RETAIL PHARMACY,RI,WASHINGTON,9143,2.6895,200.0,1.5,15.0,200702,1011.0
430,NY,RETAIL PHARMACY,RI,WASHINGTON,9193,0.6054,100.0,1.0,10.0,200704,641.0
432,NY,RETAIL PHARMACY,RI,WASHINGTON,9193,2.27025,500.0,1.0,7.5,200705,710.0
433,NY,RETAIL PHARMACY,RI,WASHINGTON,9143,4.4825,500.0,1.5,10.0,200706,1577.0
434,NY,RETAIL PHARMACY,RI,WASHINGTON,9143,2.017125,300.0,1.5,7.5,200707,1316.0
436,NY,RETAIL PHARMACY,RI,WASHINGTON,9143,10.758,1200.0,1.5,10.0,200709,1244.0
437,NY,RETAIL PHARMACY,RI,WASHINGTON,9193,1.5135,500.0,1.0,5.0,200710,924.0
438,NY,RETAIL PHARMACY,RI,WASHINGTON,9143,10.758,300.0,1.5,40.0,200711,1331.0
439,NY,RETAIL PHARMACY,RI,WASHINGTON,9193,4.5405,1500.0,1.0,5.0,200711,754.0
440,NY,RETAIL PHARMACY,RI,WASHINGTON,9193,2.27025,500.0,1.0,7.5,200801,837.0
441,NY,RETAIL PHARMACY,RI,WASHINGTON,9143,14.344,200.0,1.5,80.0,200802,1364.0
443,NY,RETAIL PHARMACY,RI,WASHINGTON,9143,4.4825,500.0,1.5,10.0,200803,1398.0
445,NY,RETAIL PHARMACY,RI,WASHINGTON,9143,1.34475,200.0,1.5,7.5,200805,1343.0
448,NY,RETAIL PHARMACY,RI,WASHINGTON,9143,7.1720000000000015,200.0,1.5,40.0,200808,1536.0
450,NY,RETAIL PHARMACY,RI,WASHINGTON,9143,7.1720000000000015,100.0,1.5,80.0,200811,1410.0
451,NY,RETAIL PHARMACY,RI,WASHINGTON,9193,1.5135,500.0,1.0,5.0,200812,1054.0
452,NY,RETAIL PHARMACY,RI,WASHINGTON,9143,1.793,200.0,1.5,10.0,200902,1334.0
453,NY,RETAIL PHARMACY,RI,WASHINGTON,9143,0.8965,100.0,1.5,10.0,200903,1415.0
455,NY,RETAIL PHARMACY,RI,WASHINGTON,9193,1.5135,500.0,1.0,5.0,200904,885.0
457,NY,RETAIL PHARMACY,RI,WASHINGTON,9193,2.27025,500.0,1.0,7.5,200905,900.0
458,NY,RETAIL PHARMACY,RI,WASHINGTON,9143,14.344,200.0,1.5,80.0,200905,1606.0
459,NY,RETAIL PHARMACY,RI,WASHINGTON,9143,7.1720000000000015,100.0,1.5,80.0,200906,1689.0
460,NY,RETAIL PHARMACY,RI,WASHINGTON,9193,0.27243,60.0,1.0,7.5,200907,925.0
461,NY,RETAIL PHARMACY,RI,WASHINGTON,9143,2.24125,500.0,1.5,5.0,200909,1682.0
462,NY,RETAIL PHARMACY,RI,WASHINGTON,9143,3.5860000000000003,200.0,1.5,20.0,200910,1639.0
463,NY,RETAIL PHARMACY,RI,WASHINGTON,9143,0.8965,100.0,1.5,10.0,200911,1728.0
464,NY,RETAIL PHARMACY,RI,WASHINGTON,9143,1.793,200.0,1.5,10.0,200912,1822.0
465,NY,RETAIL PHARMACY,RI,WASHINGTON,9193,1.5135,500.0,1.0,5.0,201001,724.0
466,NY,RETAIL PHARMACY,RI,WASHINGTON,9143,0.44825,100.0,1.5,5.0,201001,1451.0
467,NY,RETAIL PHARMACY,RI,WASHINGTON,9143,3.5860000000000003,100.0,1.5,40.0,201003,1830.0
469,NY,RETAIL PHARMACY,RI,WASHINGTON,9143,3.5860000000000003,100.0,1.5,40.0,201004,1604.0
471,NY,RETAIL PHARMACY,RI,WASHINGTON,9193,3.027,1000.0,1.0,5.0,201005,875.0
472,NY,RETAIL PHARMACY,RI,WASHINGTON,9143,0.8965,100.0,1.5,10.0,201005,1595.0
474,NY,RETAIL PHARMACY,RI,WASHINGTON,9193,3.027,1000.0,1.0,5.0,201006,840.0
475,NY,RETAIL PHARMACY,RI,WASHINGTON,9193,0.45405,100.0,1.0,7.5,201007,857.0
476,NY,RETAIL PHARMACY,RI,WASHINGTON,9143,2.6895,200.0,1.5,15.0,201008,1681.0
477,NY,RETAIL PHARMACY,RI,WASHINGTON,9193,0.45405,100.0,1.0,7.5,201010,797.0
478,NY,RETAIL PHARMACY,RI,WASHINGTON,9143,2.24125,500.0,1.5,5.0,201011,1800.0
479,NY,RETAIL PHARMACY,RI,WASHINGTON,9143,1.793,200.0,1.5,10.0,201012,1898.0
480,NY,RETAIL PHARMACY,RI,WASHINGTON,9193,2.27025,500.0,1.0,7.5,201102,738.0
482,NY,RETAIL PHARMACY,RI,WASHINGTON,9143,1.793,100.0,1.5,20.0,201103,1844.0
485,NY,RETAIL PHARMACY,RI,WASHINGTON,9143,2.6895,300.0,1.5,10.0,201105,1771.0
486,NY,RETAIL PHARMACY,RI,WASHINGTON,9143,0.672375,100.0,1.5,7.5,201106,1843.0
488,NY,RETAIL PHARMACY,RI,WASHINGTON,9193,0.9081,200.0,1.0,7.5,201107,855.0
495,MA,RETAIL PHARMACY,RI,NEWPORT,9193,0.6054,100.0,1.0,10.0,200603,188.0
496,MA,RETAIL PHARMACY,RI,NEWPORT,9143,0.672375,100.0,1.5,7.5,200607,642.0
497,MA,CHAIN PHARMACY,RI,NEWPORT,9143,5.379,200.0,1.5,30.0,200609,654.0
498,MA,CHAIN PHARMACY,RI,NEWPORT,9143,7.1720000000000015,200.0,1.5,40.0,200704,708.0
500,MA,CHAIN PHARMACY,RI,NEWPORT,9143,28.688,400.0,1.5,80.0,200701,745.0
501,MA,CHAIN PHARMACY,RI,NEWPORT,9143,0.672375,100.0,1.5,7.5,200702,634.0
502,MA,CHAIN PHARMACY,RI,NEWPORT,9143,3.5860000000000003,200.0,1.5,20.0,200705,857.0
503,MA,CHAIN PHARMACY,RI,NEWPORT,9143,0.44825,100.0,1.5,5.0,200603,727.0
504,MA,CHAIN PHARMACY,RI,NEWPORT,9193,0.45405,100.0,1.0,7.5,200606,287.0
505,MA,CHAIN PHARMACY,RI,NEWPORT,9193,0.3027,100.0,1.0,5.0,200701,287.0
506,MA,CHAIN PHARMACY,RI,NEWPORT,9193,0.3027,100.0,1.0,5.0,200703,345.0
507,MA,RETAIL PHARMACY,RI,NEWPORT,9193,2.27025,500.0,1.0,7.5,200602,150.0
511,MA,RETAIL PHARMACY,RI,NEWPORT,9143,5.379,300.0,1.5,20.0,200604,678.0
513,MA,RETAIL PHARMACY,RI,NEWPORT,9143,5.379,300.0,1.5,20.0,200605,690.0
514,MA,RETAIL PHARMACY,RI,NEWPORT,9143,8.965,2000.0,1.5,5.0,200606,697.0
515,MA,RETAIL PHARMACY,RI,NEWPORT,9143,21.516,600.0,1.5,40.0,200608,828.0
516,MA,RETAIL PHARMACY,RI,NEWPORT,9143,7.1720000000000015,100.0,1.5,80.0,200610,606.0
517,MA,RETAIL PHARMACY,RI,NEWPORT,9193,0.6054,100.0,1.0,10.0,200612,298.0
520,MA,RETAIL PHARMACY,RI,NEWPORT,9193,0.45405,100.0,1.0,7.5,200708,397.0
522,MA,RETAIL PHARMACY,RI,NEWPORT,9143,0.403425,100.0,1.5,,200709,768.0
523,MA,RETAIL PHARMACY,RI,NEWPORT,9143,2.24125,500.0,1.5,5.0,200711,781.0
526,MA,RETAIL PHARMACY,RI,NEWPORT,9143,0.672375,100.0,1.5,7.5,200802,777.0
527,MA,RETAIL PHARMACY,RI,NEWPORT,9193,0.45405,100.0,1.0,7.5,200805,386.0
528,MA,RETAIL PHARMACY,RI,NEWPORT,9143,0.44825,100.0,1.5,5.0,200805,812.0
530,MA,RETAIL PHARMACY,RI,NEWPORT,9143,1.34475,200.0,1.5,7.5,200806,853.0
531,MA,RETAIL PHARMACY,RI,NEWPORT,9143,1.793,200.0,1.5,10.0,200807,1003.0
532,MA,RETAIL PHARMACY,RI,NEWPORT,9193,0.6054,100.0,1.0,10.0,200808,367.0
533,MA,RETAIL PHARMACY,RI,NEWPORT,9143,0.8965,100.0,1.5,10.0,200808,852.0
534,MA,RETAIL PHARMACY,RI,NEWPORT,9193,9.081,3000.0,1.0,5.0,200811,367.0
535,MA,RETAIL PHARMACY,RI,NEWPORT,9143,0.44825,100.0,1.5,5.0,200811,730.0
537,MA,RETAIL PHARMACY,RI,NEWPORT,9143,13.4475,3000.0,1.5,5.0,200901,783.0
539,MA,RETAIL PHARMACY,RI,NEWPORT,9143,1.793,200.0,1.5,10.0,200903,771.0
540,MA,RETAIL PHARMACY,RI,NEWPORT,9193,4.5405,1500.0,1.0,5.0,200904,346.0
543,MA,RETAIL PHARMACY,RI,NEWPORT,9143,6.72375,1500.0,1.5,5.0,200906,812.0
546,MA,RETAIL PHARMACY,RI,NEWPORT,9143,2.6895,300.0,1.5,10.0,200910,784.0
547,MA,RETAIL PHARMACY,RI,NEWPORT,9193,2.27025,500.0,1.0,7.5,200911,297.0
548,MA,RETAIL PHARMACY,RI,NEWPORT,9143,7.1720000000000015,100.0,1.5,80.0,201005,750.0
550,MA,RETAIL PHARMACY,RI,NEWPORT,9193,0.6054,100.0,1.0,10.0,201009,358.0
551,MA,RETAIL PHARMACY,RI,NEWPORT,9143,1.793,200.0,1.5,10.0,201011,1014.0
553,MA,RETAIL PHARMACY,RI,NEWPORT,9193,0.3027,100.0,1.0,5.0,201107,422.0
554,MA,RETAIL PHARMACY,RI,NEWPORT,9143,0.44825,100.0,1.5,5.0,201109,1012.0
555,MA,RETAIL PHARMACY,RI,NEWPORT,9143,5.379,200.0,1.5,30.0,201202,908.0
556,MA,RETAIL PHARMACY,RI,NEWPORT,9193,2.27025,500.0,1.0,7.5,201202,378.0
557,MA,RETAIL PHARMACY,RI,NEWPORT,9193,0.6054,100.0,1.0,10.0,201205,501.0
558,MA,RETAIL PHARMACY,RI,NEWPORT,9193,0.3027,100.0,1.0,5.0,201206,447.0
559,MA,RETAIL PHARMACY,RI,NEWPORT,9143,0.8965,100.0,1.5,10.0,201207,1070.0
560,MA,RETAIL PHARMACY,RI,NEWPORT,9193,0.3027,100.0,1.0,5.0,201208,426.0
561,MA,RETAIL PHARMACY,RI,NEWPORT,9143,1.34475,300.0,1.5,5.0,201209,1003.0
562,MA,RETAIL PHARMACY,RI,NEWPORT,9193,0.3027,100.0,1.0,5.0,201210,469.0
564,MA,CHAIN PHARMACY,RI,NEWPORT,9193,0.3027,100.0,1.0,5.0,200707,333.0
565,MA,CHAIN PHARMACY,RI,NEWPORT,9143,3.5860000000000003,100.0,1.5,40.0,200708,771.0
566,MA,CHAIN PHARMACY,RI,NEWPORT,9143,2.6895,200.0,1.5,15.0,200710,907.0
568,MA,CHAIN PHARMACY,RI,NEWPORT,9193,2.27025,500.0,1.0,7.5,200801,351.0
569,MA,CHAIN PHARMACY,RI,NEWPORT,9143,0.8965,100.0,1.5,10.0,200801,829.0
572,MA,CHAIN PHARMACY,RI,NEWPORT,9143,0.44825,100.0,1.5,5.0,200804,782.0
577,MA,CHAIN PHARMACY,RI,NEWPORT,9143,3.13775,700.0,1.5,5.0,201001,706.0
579,MA,CHAIN PHARMACY,RI,NEWPORT,9143,0.8965,100.0,1.5,10.0,201002,757.0
580,MA,CHAIN PHARMACY,RI,NEWPORT,9143,5.379,200.0,1.5,30.0,201004,832.0
582,MA,CHAIN PHARMACY,RI,NEWPORT,9193,2.27025,500.0,1.0,7.5,201006,344.0
583,MA,CHAIN PHARMACY,RI,NEWPORT,9143,3.5860000000000003,200.0,1.5,20.0,201008,841.0
584,MA,CHAIN PHARMACY,RI,NEWPORT,9193,0.6054,100.0,1.0,10.0,201012,394.0
585,MA,CHAIN PHARMACY,RI,NEWPORT,9143,2.6895,300.0,1.5,10.0,201103,1114.0
587,MA,CHAIN PHARMACY,RI,NEWPORT,9143,3.13775,700.0,1.5,5.0,201105,973.0
588,MA,CHAIN PHARMACY,RI,NEWPORT,9143,1.793,200.0,1.5,10.0,201107,948.0
589,MA,CHAIN PHARMACY,RI,NEWPORT,9143,0.672375,100.0,1.5,7.5,201108,1035.0
590,MA,CHAIN PHARMACY,RI,NEWPORT,9193,0.3027,100.0,1.0,5.0,201109,431.0
591,MA,CHAIN PHARMACY,RI,NEWPORT,9143,2.6895,100.0,1.5,30.0,201110,951.0
592,MA,CHAIN PHARMACY,RI,NEWPORT,9143,3.5860000000000003,200.0,1.5,20.0,201111,962.0
593,MA,CHAIN PHARMACY,RI,NEWPORT,9193,0.6054,100.0,1.0,10.0,201201,376.0
595,MA,CHAIN PHARMACY,RI,NEWPORT,9143,3.5860000000000003,800.0,1.5,5.0,201203,1082.0
598,MA,CHAIN PHARMACY,RI,NEWPORT,9143,2.6895,600.0,1.5,5.0,201208,1125.0
599,MA,CHAIN PHARMACY,RI,NEWPORT,9143,3.5860000000000003,800.0,1.5,5.0,201211,1073.0
600,MA,CHAIN PHARMACY,RI,NEWPORT,9143,2.6895,600.0,1.5,5.0,201212,1062.0
603,MA,CHAIN PHARMACY,RI,NEWPORT,9143,1.34475,200.0,1.5,7.5,200712,826.0
606,MA,CHAIN PHARMACY,RI,NEWPORT,9143,1.793,400.0,1.5,5.0,200803,782.0
609,MA,CHAIN PHARMACY,RI,NEWPORT,9143,2.6895,600.0,1.5,5.0,200809,851.0
610,MA,CHAIN PHARMACY,RI,NEWPORT,9143,14.344,200.0,1.5,80.0,200812,930.0
612,MA,CHAIN PHARMACY,RI,NEWPORT,9143,10.758,400.0,1.5,30.0,200902,695.0
615,MA,CHAIN PHARMACY,RI,NEWPORT,9143,2.6895,200.0,1.5,15.0,200911,670.0
618,MA,CHAIN PHARMACY,RI,NEWPORT,9143,1.793,200.0,1.5,10.0,201003,882.0
621,MA,CHAIN PHARMACY,RI,NEWPORT,9143,1.793,100.0,1.5,20.0,201007,950.0
623,MA,CHAIN PHARMACY,RI,NEWPORT,9143,2.24125,500.0,1.5,5.0,201009,957.0
624,MA,CHAIN PHARMACY,RI,NEWPORT,9143,1.34475,200.0,1.5,7.5,201010,815.0
625,MA,CHAIN PHARMACY,RI,NEWPORT,9143,0.8965,200.0,1.5,5.0,201012,921.0
627,MA,CHAIN PHARMACY,RI,NEWPORT,9143,1.34475,200.0,1.5,7.5,201106,1072.0
635,MA,CHAIN PHARMACY,RI,NEWPORT,9143,0.8965,100.0,1.5,10.0,201210,1047.0
644,MA,CHAIN PHARMACY,RI,NEWPORT,9143,3.5860000000000003,200.0,1.5,20.0,201102,830.0
648,MA,CHAIN PHARMACY,RI,NEWPORT,9193,0.45405,100.0,1.0,7.5,201111,373.0
652,MA,CHAIN PHARMACY,RI,NEWPORT,9193,2.27025,500.0,1.0,7.5,200710,409.0
657,MA,CHAIN PHARMACY,RI,NEWPORT,9143,2.6895,100.0,1.5,30.0,200908,708.0
658,MA,CHAIN PHARMACY,RI,NEWPORT,9143,2.24125,500.0,1.5,5.0,200909,854.0
662,MA,CHAIN PHARMACY,RI,NEWPORT,9143,3.5860000000000003,100.0,1.5,40.0,201006,882.0
665,MA,CHAIN PHARMACY,RI,NEWPORT,9143,0.672375,100.0,1.5,7.5,201101,902.0
666,MA,CHAIN PHARMACY,RI,NEWPORT,9143,4.03425,300.0,1.5,15.0,201104,749.0
669,MA,CHAIN PHARMACY,RI,NEWPORT,9143,1.793,200.0,1.5,10.0,201112,1076.0
671,MA,CHAIN PHARMACY,RI,NEWPORT,9143,13.4475,3000.0,1.5,5.0,201201,1036.0
677,MA,CHAIN PHARMACY,RI,NEWPORT,9143,1.793,200.0,1.5,10.0,201204,975.0
678,MA,CHAIN PHARMACY,RI,NEWPORT,9143,1.34475,100.0,1.5,15.0,201206,967.0
689,MA,CHAIN PHARMACY,RI,NEWPORT,9143,2.877444,600.0,1.5,5.35,200611,705.0
690,MA,CHAIN PHARMACY,RI,NEWPORT,9143,2.6895,600.0,1.5,5.0,200612,643.0
692,MA,CHAIN PHARMACY,RI,NEWPORT,9143,4.79574,1000.0,1.5,5.35,200703,742.0
694,MA,CHAIN PHARMACY,RI,NEWPORT,9143,35.86,500.0,1.5,80.0,200707,760.0
698,MA,CHAIN PHARMACY,RI,NEWPORT,9193,0.3027,100.0,1.0,5.0,200712,339.0
704,MA,CHAIN PHARMACY,RI,NEWPORT,9193,0.3027,100.0,1.0,5.0,200902,373.0
706,MA,CHAIN PHARMACY,RI,BRISTOL,9143,7.1720000000000015,200.0,1.5,40.0,200605,386.0
707,MA,CHAIN PHARMACY,RI,BRISTOL,9143,3.5860000000000003,200.0,1.5,20.0,200607,330.0
708,MA,CHAIN PHARMACY,RI,BRISTOL,9143,4.4825,1000.0,1.5,5.0,200701,361.0
709,MA,CHAIN PHARMACY,RI,BRISTOL,9143,2.24125,500.0,1.5,5.0,200703,354.0
711,MA,CHAIN PHARMACY,RI,BRISTOL,9143,4.4825,1000.0,1.5,5.0,200707,406.0
713,MA,CHAIN PHARMACY,RI,BRISTOL,9143,2.017125,300.0,1.5,7.5,200708,347.0
714,MA,CHAIN PHARMACY,RI,BRISTOL,9143,2.6895,300.0,1.5,10.0,200810,405.0
715,MA,CHAIN PHARMACY,RI,BRISTOL,9143,10.758,300.0,1.5,40.0,200901,316.0
717,MA,CHAIN PHARMACY,RI,BRISTOL,9143,3.5860000000000003,200.0,1.5,20.0,200606,313.0
720,MA,CHAIN PHARMACY,RI,BRISTOL,9143,0.44825,100.0,1.5,5.0,200710,399.0
722,MA,CHAIN PHARMACY,RI,BRISTOL,9143,1.793,200.0,1.5,10.0,200802,329.0
723,MA,CHAIN PHARMACY,RI,BRISTOL,9143,1.4387219999999998,300.0,1.5,5.35,200803,321.0
724,MA,CHAIN PHARMACY,RI,BRISTOL,9143,1.793,200.0,1.5,10.0,200804,291.0
725,MA,CHAIN PHARMACY,RI,BRISTOL,9143,0.8965,200.0,1.5,5.0,200806,325.0
726,MA,CHAIN PHARMACY,RI,BRISTOL,9143,5.379,600.0,1.5,10.0,200807,331.0
727,MA,CHAIN PHARMACY,RI,BRISTOL,9143,3.5860000000000003,200.0,1.5,20.0,200902,324.0
728,MA,CHAIN PHARMACY,RI,KENT,9143,1.34475,300.0,1.5,5.0,200603,1973.0
730,MA,CHAIN PHARMACY,RI,KENT,9143,3.5860000000000003,400.0,1.5,10.0,200606,1952.0
732,MA,CHAIN PHARMACY,RI,KENT,9143,5.379,300.0,1.5,20.0,200611,1902.0
734,MA,CHAIN PHARMACY,RI,KENT,9143,5.379,300.0,1.5,20.0,200703,2134.0
736,MA,CHAIN PHARMACY,RI,KENT,9143,5.379,300.0,1.5,20.0,200705,2139.0
737,MA,CHAIN PHARMACY,RI,KENT,9143,10.758,600.0,1.5,20.0,200706,2627.0
741,MA,CHAIN PHARMACY,RI,KENT,9143,5.379,1200.0,1.5,5.0,200709,1866.0
742,MA,CHAIN PHARMACY,RI,KENT,9193,0.9081,200.0,1.0,7.5,200711,1332.0
744,MA,CHAIN PHARMACY,RI,KENT,9143,5.379,600.0,1.5,10.0,200802,1948.0
746,MA,CHAIN PHARMACY,RI,KENT,9143,28.688,800.0,1.5,40.0,200803,2057.0
747,MA,CHAIN PHARMACY,RI,KENT,9143,10.758,300.0,1.5,40.0,200804,2185.0
748,MA,CHAIN PHARMACY,RI,KENT,9143,2.6895,400.0,1.5,7.5,200808,2147.0
750,MA,CHAIN PHARMACY,RI,KENT,9143,5.379,600.0,1.5,10.0,200809,2070.0
751,MA,CHAIN PHARMACY,RI,KENT,9143,10.758,200.0,1.5,60.0,200811,1992.0
752,MA,CHAIN PHARMACY,RI,KENT,9193,0.3027,100.0,1.0,5.0,200811,1369.0
754,MA,CHAIN PHARMACY,RI,KENT,9143,1.793,200.0,1.5,10.0,200812,2262.0
755,MA,CHAIN PHARMACY,RI,KENT,9193,0.6054,100.0,1.0,10.0,200812,1720.0
756,MA,CHAIN PHARMACY,RI,KENT,9143,4.4825,500.0,1.5,10.0,200901,2091.0
761,MA,CHAIN PHARMACY,RI,KENT,9193,0.45405,100.0,1.0,7.5,200902,2125.0
762,MA,CHAIN PHARMACY,RI,KENT,9143,3.5860000000000003,200.0,1.5,20.0,200902,1982.0
763,MA,CHAIN PHARMACY,RI,WASHINGTON,9143,0.672375,100.0,1.5,7.5,200601,1124.0
765,MA,CHAIN PHARMACY,RI,WASHINGTON,9193,2.27025,500.0,1.0,7.5,200602,275.0
766,MA,CHAIN PHARMACY,RI,WASHINGTON,9193,0.45405,100.0,1.0,7.5,200603,337.0
767,MA,CHAIN PHARMACY,RI,WASHINGTON,9143,0.8965,100.0,1.5,10.0,200603,1172.0
769,MA,CHAIN PHARMACY,RI,WASHINGTON,9143,5.379,300.0,1.5,20.0,200606,1101.0
770,MA,CHAIN PHARMACY,RI,WASHINGTON,9143,5.379,300.0,1.5,20.0,200607,1167.0
771,MA,CHAIN PHARMACY,RI,WASHINGTON,9143,1.793,400.0,1.5,5.0,200608,1278.0
772,MA,CHAIN PHARMACY,RI,WASHINGTON,9143,3.5860000000000003,800.0,1.5,5.0,200703,1201.0
773,MA,CHAIN PHARMACY,RI,WASHINGTON,9143,10.758,600.0,1.5,20.0,200710,1352.0
775,MA,CHAIN PHARMACY,RI,WASHINGTON,9143,2.6895,300.0,1.5,10.0,200801,1398.0
777,MA,CHAIN PHARMACY,RI,WASHINGTON,9143,5.379,600.0,1.5,10.0,200806,1451.0
780,MA,CHAIN PHARMACY,RI,WASHINGTON,9143,3.361875,500.0,1.5,7.5,200809,1565.0
781,MA,CHAIN PHARMACY,RI,WASHINGTON,9143,5.379,1200.0,1.5,5.0,200810,1404.0
782,MA,CHAIN PHARMACY,RI,WASHINGTON,9143,0.8965,100.0,1.5,10.0,200812,1564.0
784,MA,CHAIN PHARMACY,RI,PROVIDENCE,9143,28.688,800.0,1.5,40.0,200611,4494.0
786,MA,CHAIN PHARMACY,RI,PROVIDENCE,9143,2.017125,300.0,1.5,7.5,200705,5330.0
787,MA,CHAIN PHARMACY,RI,PROVIDENCE,9143,4.79574,1000.0,1.5,5.35,200706,6693.0
789,MA,CHAIN PHARMACY,RI,PROVIDENCE,9143,1.34475,100.0,1.5,15.0,200711,5339.0
790,MA,CHAIN PHARMACY,RI,PROVIDENCE,9143,10.758,600.0,1.5,20.0,200712,5301.0
798,MA,CHAIN PHARMACY,RI,PROVIDENCE,9143,1.793,200.0,1.5,10.0,200606,4880.0
799,MA,CHAIN PHARMACY,RI,PROVIDENCE,9143,4.4825,1000.0,1.5,5.0,200607,4324.0
800,MA,CHAIN PHARMACY,RI,PROVIDENCE,9143,1.793,100.0,1.5,20.0,200608,5016.0
801,MA,CHAIN PHARMACY,RI,PROVIDENCE,9143,7.1720000000000015,100.0,1.5,80.0,200609,4861.0
804,MA,CHAIN PHARMACY,RI,PROVIDENCE,9143,3.5860000000000003,200.0,1.5,20.0,200701,5035.0
817,MA,CHAIN PHARMACY,RI,PROVIDENCE,9143,1.793,200.0,1.5,10.0,200710,5723.0
823,MA,CHAIN PHARMACY,RI,PROVIDENCE,9143,7.1720000000000015,100.0,1.5,80.0,200810,5977.0
837,MA,CHAIN PHARMACY,RI,PROVIDENCE,9143,3.361875,500.0,1.5,7.5,200709,4843.0
886,MA,RETAIL PHARMACY,RI,PROVIDENCE,9143,1.793,200.0,1.5,10.0,201201,8581.0
887,MA,RETAIL PHARMACY,RI,PROVIDENCE,9143,1.793,400.0,1.5,5.0,201209,8020.0
896,MA,RETAIL PHARMACY,RI,PROVIDENCE,9143,4.4825,1000.0,1.5,5.0,200905,5589.0
972,MA,CHAIN PHARMACY,RI,KENT,9143,2.24125,500.0,1.5,5.0,200604,1701.0
976,MA,CHAIN PHARMACY,RI,KENT,9143,5.379,1200.0,1.5,5.0,200608,2023.0
977,MA,CHAIN PHARMACY,RI,KENT,9143,7.1720000000000015,400.0,1.5,20.0,200701,2272.0
978,MA,CHAIN PHARMACY,RI,KENT,9143,5.379,300.0,1.5,20.0,200702,1739.0
982,MA,CHAIN PHARMACY,RI,KENT,9143,8.965,500.0,1.5,20.0,200805,1943.0
984,MA,CHAIN PHARMACY,RI,KENT,9143,5.379,1200.0,1.5,5.0,200807,2195.0
990,MA,CHAIN PHARMACY,RI,PROVIDENCE,9143,2.017125,300.0,1.5,7.5,200603,4868.0
1024,MA,CHAIN PHARMACY,RI,PROVIDENCE,9193,1.36215,300.0,1.0,7.5,200810,3620.0
1032,MA,CHAIN PHARMACY,RI,NEWPORT,9143,17.93,500.0,1.5,40.0,200602,577.0
1056,MA,CHAIN PHARMACY,RI,NEWPORT,9193,0.45405,100.0,1.0,7.5,200901,355.0
1083,MA,RETAIL PHARMACY,RI,KENT,9143,0.672375,100.0,1.5,7.5,200610,1944.0
1084,MA,RETAIL PHARMACY,RI,KENT,9193,0.45405,100.0,1.0,7.5,200610,1261.0
1085,MA,RETAIL PHARMACY,RI,KENT,9193,0.45405,100.0,1.0,7.5,200707,1356.0
1088,MA,RETAIL PHARMACY,RI,KENT,9143,2.6895,200.0,1.5,15.0,200810,2363.0
1090,MA,RETAIL PHARMACY,RI,KENT,9143,0.8965,200.0,1.5,5.0,200905,2384.0
1091,MA,RETAIL PHARMACY,RI,KENT,9193,0.6054,100.0,1.0,10.0,200907,1785.0
1092,MA,RETAIL PHARMACY,RI,KENT,9143,1.793,200.0,1.5,10.0,200907,2456.0
1093,MA,RETAIL PHARMACY,RI,KENT,9143,2.6895,200.0,1.5,15.0,200911,2374.0
1096,MA,RETAIL PHARMACY,RI,KENT,9143,0.672375,100.0,1.5,7.5,201002,2244.0
1097,MA,RETAIL PHARMACY,RI,KENT,9143,0.8965,100.0,1.5,10.0,201004,2466.0
1098,MA,RETAIL PHARMACY,RI,KENT,9143,1.34475,100.0,1.5,15.0,201008,2899.0
1100,MA,RETAIL PHARMACY,RI,KENT,9143,2.6895,100.0,1.5,30.0,201011,3181.0
1102,MA,RETAIL PHARMACY,RI,KENT,9193,2.27025,500.0,1.0,7.5,201103,2377.0
1105,MA,RETAIL PHARMACY,RI,KENT,9143,1.34475,100.0,1.5,15.0,201109,3116.0
1106,MA,RETAIL PHARMACY,RI,KENT,9193,0.3027,100.0,1.0,5.0,201203,2107.0
1107,MA,RETAIL PHARMACY,RI,KENT,9143,8.0685,300.0,1.5,30.0,201204,2854.0
1108,MA,RETAIL PHARMACY,RI,KENT,9143,0.8965,100.0,1.5,10.0,201205,3619.0
1109,MA,RETAIL PHARMACY,RI,KENT,9143,0.8965,100.0,1.5,10.0,201206,3156.0
1137,MA,CHAIN PHARMACY,RI,KENT,9143,3.5860000000000003,400.0,1.5,10.0,200605,1997.0
1138,MA,CHAIN PHARMACY,RI,KENT,9143,10.758,300.0,1.5,40.0,200607,1744.0
1140,MA,CHAIN PHARMACY,RI,KENT,9143,2.6895,300.0,1.5,10.0,200609,1780.0
1141,MA,CHAIN PHARMACY,RI,KENT,9143,1.34475,200.0,1.5,7.5,200612,1833.0
1147,MA,CHAIN PHARMACY,RI,KENT,9143,1.793,400.0,1.5,5.0,200710,2075.0
1152,MA,CHAIN PHARMACY,RI,KENT,9193,0.3027,100.0,1.0,5.0,200805,1397.0
1153,MA,CHAIN PHARMACY,RI,KENT,9143,3.5860000000000003,400.0,1.5,10.0,200806,1959.0
1162,MA,CHAIN PHARMACY,RI,KENT,9143,1.793,200.0,1.5,10.0,200903,2120.0
1163,MA,CHAIN PHARMACY,RI,KENT,9143,14.344,200.0,1.5,80.0,200601,2023.0
1171,MA,CHAIN PHARMACY,RI,KENT,9193,0.45405,100.0,1.0,7.5,200702,1159.0
1174,MA,CHAIN PHARMACY,RI,KENT,9143,14.344,400.0,1.5,40.0,200707,1887.0
1175,MA,CHAIN PHARMACY,RI,KENT,9143,0.8965,100.0,1.5,10.0,200708,1945.0
1178,MA,CHAIN PHARMACY,RI,KENT,9193,0.3027,100.0,1.0,5.0,200710,1642.0
1180,MA,CHAIN PHARMACY,RI,KENT,9193,1.8162,400.0,1.0,7.5,200804,1387.0
1182,MA,CHAIN PHARMACY,RI,KENT,9193,4.5405,1000.0,1.0,7.5,200807,1553.0
1216,MA,CHAIN PHARMACY,RI,BRISTOL,9143,1.793,200.0,1.5,10.0,200601,364.0
1217,MA,CHAIN PHARMACY,RI,BRISTOL,9143,7.1720000000000015,400.0,1.5,20.0,200602,356.0
1219,MA,CHAIN PHARMACY,RI,BRISTOL,9143,3.5860000000000003,200.0,1.5,20.0,200604,352.0
1220,MA,CHAIN PHARMACY,RI,BRISTOL,9143,7.1720000000000015,100.0,1.5,80.0,200608,384.0
1221,MA,CHAIN PHARMACY,RI,BRISTOL,9143,4.4825,500.0,1.5,10.0,200609,325.0
1222,MA,CHAIN PHARMACY,RI,BRISTOL,9143,21.516,600.0,1.5,40.0,200611,344.0
1225,MA,CHAIN PHARMACY,RI,BRISTOL,9143,1.4387219999999998,300.0,1.5,5.35,200702,296.0
1227,MA,CHAIN PHARMACY,RI,BRISTOL,9143,14.344,200.0,1.5,80.0,200712,435.0
1229,MA,CHAIN PHARMACY,RI,BRISTOL,9143,0.672375,100.0,1.5,7.5,200801,357.0
1232,MA,CHAIN PHARMACY,RI,BRISTOL,9143,1.34475,200.0,1.5,7.5,200805,330.0
1234,MA,CHAIN PHARMACY,RI,BRISTOL,9143,2.6895,200.0,1.5,15.0,200808,392.0
1235,MA,CHAIN PHARMACY,RI,BRISTOL,9193,1.5135,500.0,1.0,5.0,200811,97.0
1263,MA,CHAIN PHARMACY,RI,KENT,9143,1.793,100.0,1.5,20.0,200602,1585.0
1326,MA,RETAIL PHARMACY,RI,PROVIDENCE,9143,1.34475,300.0,1.5,5.0,201110,8209.0
1360,MA,CHAIN PHARMACY,RI,WASHINGTON,9143,1.34475,200.0,1.5,7.5,200612,1175.0
1361,MA,CHAIN PHARMACY,RI,WASHINGTON,9143,14.344,400.0,1.5,40.0,200701,1235.0
1366,MA,CHAIN PHARMACY,RI,WASHINGTON,9143,6.72375,1000.0,1.5,7.5,200704,1233.0
1374,MA,CHAIN PHARMACY,RI,WASHINGTON,9143,2.017125,300.0,1.5,7.5,200712,1422.0
1379,MA,CHAIN PHARMACY,RI,WASHINGTON,9193,2.27025,500.0,1.0,7.5,200810,876.0
1406,MA,CHAIN PHARMACY,RI,KENT,9193,0.45405,100.0,1.0,7.5,200609,1153.0
1407,MA,CHAIN PHARMACY,RI,KENT,9143,10.758,400.0,1.5,30.0,200704,1860.0
1410,MA,CHAIN PHARMACY,RI,KENT,9143,2.017125,300.0,1.5,7.5,200711,1993.0
1415,MA,CHAIN PHARMACY,RI,KENT,9193,0.6054,100.0,1.0,10.0,200601,1253.0
1429,MA,CHAIN PHARMACY,RI,KENT,9193,1.8162,300.0,1.0,10.0,200801,1402.0
1439,MA,CHAIN PHARMACY,RI,NEWPORT,9143,3.5860000000000003,800.0,1.5,5.0,200601,651.0
1452,MA,CHAIN PHARMACY,RI,NEWPORT,9143,1.34475,200.0,1.5,7.5,200810,903.0
1530,MA,CHAIN PHARMACY,RI,KENT,9193,1.5135,500.0,1.0,5.0,200703,1257.0
1531,MA,CHAIN PHARMACY,RI,KENT,9193,3.027,500.0,1.0,10.0,200704,1213.0
1540,MA,CHAIN PHARMACY,RI,KENT,9143,1.793,400.0,1.5,5.0,200801,2089.0
1544,MA,CHAIN PHARMACY,RI,KENT,9193,1.8162,300.0,1.0,10.0,200806,1318.0
1557,MA,CHAIN PHARMACY,RI,WASHINGTON,9143,1.918296,400.0,1.5,5.35,200708,1291.0
1571,MA,CHAIN PHARMACY,RI,WASHINGTON,9193,1.36215,300.0,1.0,7.5,200902,1010.0
1603,MA,RETAIL PHARMACY,RI,PROVIDENCE,9193,0.3027,200.0,1.0,2.5,200709,2995.0
1626,MA,RETAIL PHARMACY,RI,PROVIDENCE,9143,1.793,400.0,1.5,5.0,200911,5992.0
1631,MA,RETAIL PHARMACY,RI,PROVIDENCE,9143,1.34475,100.0,1.5,15.0,201002,5605.0
1634,MA,RETAIL PHARMACY,RI,PROVIDENCE,9143,4.03425,300.0,1.5,15.0,201006,7194.0
1643,MA,RETAIL PHARMACY,RI,PROVIDENCE,9143,2.24125,500.0,1.5,5.0,201109,8460.0
1645,MA,RETAIL PHARMACY,RI,PROVIDENCE,9143,0.8965,100.0,1.5,10.0,201111,8557.0
1646,MA,RETAIL PHARMACY,RI,PROVIDENCE,9143,2.6895,100.0,1.5,30.0,201112,8615.0
1651,MA,RETAIL PHARMACY,RI,PROVIDENCE,9143,0.8965,200.0,1.5,5.0,201203,8486.0
1652,MA,RETAIL PHARMACY,RI,PROVIDENCE,9143,3.5860000000000003,100.0,1.5,40.0,201205,9267.0
1653,MA,RETAIL PHARMACY,RI,PROVIDENCE,9143,1.793,100.0,1.5,20.0,201206,8543.0
1654,MA,RETAIL PHARMACY,RI,PROVIDENCE,9143,1.793,100.0,1.5,20.0,201207,8339.0
1655,MA,RETAIL PHARMACY,RI,PROVIDENCE,9143,3.5860000000000003,100.0,1.5,40.0,201210,9077.0
1659,MA,CHAIN PHARMACY,RI,WASHINGTON,9193,0.15135,100.0,1.0,2.5,200610,647.0
1662,MA,CHAIN PHARMACY,RI,WASHINGTON,9143,21.516,300.0,1.5,80.0,200705,1353.0
1670,MA,CHAIN PHARMACY,RI,WASHINGTON,9143,5.379,200.0,1.5,30.0,200804,1254.0
1692,MA,CHAIN PHARMACY,RI,WASHINGTON,9143,2.6895,100.0,1.5,30.0,200901,1412.0
1710,MA,CHAIN PHARMACY,RI,NEWPORT,9143,0.8965,200.0,1.5,5.0,200706,1036.0
1717,MA,CHAIN PHARMACY,RI,NEWPORT,9143,3.5860000000000003,100.0,1.5,40.0,200904,757.0
1718,MA,CHAIN PHARMACY,RI,NEWPORT,9143,3.5860000000000003,100.0,1.5,40.0,200907,869.0
1738,MA,CHAIN PHARMACY,RI,KENT,9193,0.6054,100.0,1.0,10.0,200903,2134.0
1740,MA,CHAIN PHARMACY,RI,KENT,9143,1.793,200.0,1.5,10.0,200912,2732.0
1741,MA,CHAIN PHARMACY,RI,KENT,9143,0.44825,100.0,1.5,5.0,201101,2985.0
1755,MA,CHAIN PHARMACY,RI,WASHINGTON,9143,0.8965,100.0,1.5,10.0,200609,1077.0
1765,MA,CHAIN PHARMACY,RI,WASHINGTON,9143,0.44825,100.0,1.5,5.0,201102,1532.0
1788,MA,CHAIN PHARMACY,RI,KENT,9193,1.8162,400.0,1.0,7.5,200701,1362.0
1789,MA,CHAIN PHARMACY,RI,WASHINGTON,9193,1.5135,500.0,1.0,5.0,200606,598.0
1793,MA,CHAIN PHARMACY,RI,WASHINGTON,9193,0.6054,100.0,1.0,10.0,200702,574.0
1863,MA,CHAIN PHARMACY,RI,KENT,9143,14.344,200.0,1.5,80.0,200906,2703.0
1864,MA,CHAIN PHARMACY,RI,KENT,9143,2.6895,300.0,1.5,10.0,200908,2230.0
1869,MA,CHAIN PHARMACY,RI,BRISTOL,9143,0.8965,200.0,1.5,5.0,200704,308.0
1872,MA,CHAIN PHARMACY,RI,PROVIDENCE,9143,1.793,400.0,1.5,5.0,201003,7094.0
1906,MA,CHAIN PHARMACY,RI,PROVIDENCE,9143,3.5860000000000003,100.0,1.5,40.0,201005,6319.0
1931,MA,CHAIN PHARMACY,RI,NEWPORT,9193,0.45405,100.0,1.0,7.5,200611,302.0
1934,MA,CHAIN PHARMACY,RI,PROVIDENCE,9143,1.34475,200.0,1.5,7.5,201103,8754.0
1976,MA,CHAIN PHARMACY,RI,KENT,9143,5.379,200.0,1.5,30.0,200904,2679.0
1979,MA,CHAIN PHARMACY,RI,KENT,9143,0.44825,100.0,1.5,5.0,201001,2252.0
1982,MA,CHAIN PHARMACY,RI,KENT,9143,1.34475,300.0,1.5,5.0,201009,2844.0
2042,MA,CHAIN PHARMACY,RI,PROVIDENCE,9143,0.44825,100.0,1.5,5.0,201211,8432.0
2090,MA,CHAIN PHARMACY,RI,KENT,9193,0.45405,100.0,1.0,7.5,200911,2023.0
2096,MA,RETAIL PHARMACY,RI,KENT,9143,0.44825,100.0,1.5,5.0,201111,3222.0
2097,MA,RETAIL PHARMACY,RI,KENT,9143,2.24125,500.0,1.5,5.0,201112,3107.0
2102,MA,RETAIL PHARMACY,RI,KENT,9143,1.793,200.0,1.5,10.0,200712,1973.0
2110,MA,RETAIL PHARMACY,RI,KENT,9143,7.1720000000000015,100.0,1.5,80.0,200909,2504.0
2131,MA,PRACTITIONER,RI,KENT,9143,0.44825,100.0,1.5,5.0,201203,3288.0
2134,MA,RETAIL PHARMACY,RI,KENT,9193,0.3027,100.0,1.0,5.0,201003,2399.0
2136,MA,RETAIL PHARMACY,RI,KENT,9193,0.3027,100.0,1.0,5.0,201106,2326.0
2137,MA,RETAIL PHARMACY,RI,KENT,9193,0.3027,100.0,1.0,5.0,201108,2461.0
2138,MA,RETAIL PHARMACY,RI,KENT,9193,0.6054,100.0,1.0,10.0,201112,2034.0
2139,MA,RETAIL PHARMACY,RI,BRISTOL,9143,0.44825,100.0,1.5,5.0,201207,463.0
2140,MA,RETAIL PHARMACY,RI,BRISTOL,9193,0.45405,100.0,1.0,7.5,201208,169.0
2163,MA,CHAIN PHARMACY,RI,WASHINGTON,9143,8.965,1000.0,1.5,10.0,201002,1543.0
2165,MA,CHAIN PHARMACY,RI,WASHINGTON,9143,10.758,300.0,1.5,40.0,201007,1690.0
2166,MA,CHAIN PHARMACY,RI,WASHINGTON,9143,0.8965,200.0,1.5,5.0,201010,1676.0
2169,MA,CHAIN PHARMACY,RI,WASHINGTON,9143,1.34475,300.0,1.5,5.0,201104,1662.0
2171,MA,CHAIN PHARMACY,RI,WASHINGTON,9193,0.6054,100.0,1.0,10.0,201106,901.0
2172,MA,CHAIN PHARMACY,RI,WASHINGTON,9143,4.03425,300.0,1.5,15.0,201111,1753.0
2173,MA,CHAIN PHARMACY,RI,WASHINGTON,9143,1.34475,300.0,1.5,5.0,201112,1760.0
2174,MA,CHAIN PHARMACY,RI,WASHINGTON,9143,1.34475,300.0,1.5,5.0,201205,1799.0
2175,MA,CHAIN PHARMACY,RI,WASHINGTON,9143,2.24125,500.0,1.5,5.0,201206,1768.0
2176,MA,CHAIN PHARMACY,RI,WASHINGTON,9143,2.6895,600.0,1.5,5.0,201211,1707.0
2177,MA,CHAIN PHARMACY,RI,WASHINGTON,9143,8.0685,300.0,1.5,30.0,201212,1622.0
2181,MA,CHAIN PHARMACY,RI,WASHINGTON,9193,1.5135,500.0,1.0,5.0,200811,765.0
2184,MA,CHAIN PHARMACY,RI,WASHINGTON,9143,5.379,1200.0,1.5,5.0,200904,1585.0
2187,MA,CHAIN PHARMACY,RI,WASHINGTON,9143,2.6895,300.0,1.5,10.0,200907,1692.0
2193,MA,CHAIN PHARMACY,RI,WASHINGTON,9143,5.379,1200.0,1.5,5.0,201006,1836.0
2200,MA,CHAIN PHARMACY,RI,WASHINGTON,9143,10.758,400.0,1.5,30.0,201110,1792.0
2201,MA,CHAIN PHARMACY,RI,WASHINGTON,9143,5.379,1200.0,1.5,5.0,201201,1761.0
2202,MA,CHAIN PHARMACY,RI,WASHINGTON,9143,5.379,1200.0,1.5,5.0,201204,1684.0
2203,MA,CHAIN PHARMACY,RI,WASHINGTON,9143,10.758,200.0,1.5,60.0,201207,1695.0
2204,MA,CHAIN PHARMACY,RI,WASHINGTON,9143,16.137,600.0,1.5,30.0,201210,1779.0
2207,MA,CHAIN PHARMACY,RI,WASHINGTON,9193,0.3027,100.0,1.0,5.0,201212,856.0
2223,MA,CHAIN PHARMACY,RI,PROVIDENCE,9143,4.4825,500.0,1.5,10.0,201202,7892.0
2225,MA,CHAIN PHARMACY,RI,PROVIDENCE,9143,1.34475,100.0,1.5,15.0,201212,8391.0
2255,MA,CHAIN PHARMACY,RI,PROVIDENCE,9193,3.027,500.0,1.0,10.0,201203,3299.0
2256,MA,CHAIN PHARMACY,RI,PROVIDENCE,9143,0.672375,100.0,1.5,7.5,201204,8018.0
2258,MA,CHAIN PHARMACY,RI,BRISTOL,9143,1.34475,100.0,1.5,15.0,200911,383.0
2259,MA,CHAIN PHARMACY,RI,BRISTOL,9143,2.24125,500.0,1.5,5.0,201005,362.0
2260,MA,CHAIN PHARMACY,RI,BRISTOL,9143,7.1720000000000015,200.0,1.5,40.0,201010,350.0
2261,MA,CHAIN PHARMACY,RI,BRISTOL,9143,3.5860000000000003,400.0,1.5,10.0,201106,628.0
2262,MA,CHAIN PHARMACY,RI,BRISTOL,9143,3.5860000000000003,400.0,1.5,10.0,201109,570.0
2263,MA,CHAIN PHARMACY,RI,BRISTOL,9143,1.34475,200.0,1.5,7.5,201110,473.0
2264,MA,CHAIN PHARMACY,RI,BRISTOL,9143,14.344,400.0,1.5,40.0,201112,475.0
2265,MA,CHAIN PHARMACY,RI,BRISTOL,9143,2.6895,600.0,1.5,5.0,201201,514.0
2266,MA,CHAIN PHARMACY,RI,BRISTOL,9143,1.793,400.0,1.5,5.0,201202,478.0
2267,MA,CHAIN PHARMACY,RI,BRISTOL,9143,4.4825,500.0,1.5,10.0,201203,553.0
2268,MA,CHAIN PHARMACY,RI,BRISTOL,9143,10.758,300.0,1.5,40.0,201210,544.0
2269,MA,CHAIN PHARMACY,RI,BRISTOL,9143,2.6895,300.0,1.5,10.0,201211,556.0
2270,MA,CHAIN PHARMACY,RI,BRISTOL,9143,14.344,200.0,1.5,80.0,201212,530.0
2273,MA,CHAIN PHARMACY,RI,PROVIDENCE,9193,2.7243,600.0,1.0,7.5,201001,2435.0
2294,MA,CHAIN PHARMACY,RI,PROVIDENCE,9143,10.758,2400.0,1.5,5.0,201208,8827.0
2303,MA,CHAIN PHARMACY,RI,NEWPORT,9143,4.4825,1000.0,1.5,5.0,200912,912.0
2327,MA,CHAIN PHARMACY,RI,NEWPORT,9143,7.1720000000000015,400.0,1.5,20.0,201205,1082.0
2346,MA,CHAIN PHARMACY,RI,KENT,9143,8.0685,300.0,1.5,30.0,200910,2407.0
2347,MA,CHAIN PHARMACY,RI,KENT,9193,0.6054,200.0,1.0,5.0,200910,2232.0
2351,MA,CHAIN PHARMACY,RI,KENT,9143,10.758,300.0,1.5,40.0,201003,2867.0
2354,MA,CHAIN PHARMACY,RI,KENT,9143,5.379,1200.0,1.5,5.0,201005,2567.0
2357,MA,CHAIN PHARMACY,RI,KENT,9143,8.0685,600.0,1.5,15.0,201006,2872.0
2358,MA,CHAIN PHARMACY,RI,KENT,9143,2.6895,300.0,1.5,10.0,201007,2739.0
2363,MA,CHAIN PHARMACY,RI,KENT,9143,5.379,600.0,1.5,10.0,201012,3245.0
2366,MA,CHAIN PHARMACY,RI,KENT,9143,8.0685,300.0,1.5,30.0,201102,2927.0
2367,MA,CHAIN PHARMACY,RI,KENT,9143,5.379,1200.0,1.5,5.0,201103,3352.0
2369,MA,CHAIN PHARMACY,RI,KENT,9143,5.379,600.0,1.5,10.0,201104,2808.0
2370,MA,CHAIN PHARMACY,RI,KENT,9143,21.516,400.0,1.5,60.0,201106,3581.0
2371,MA,CHAIN PHARMACY,RI,KENT,9143,21.516,300.0,1.5,80.0,201107,2951.0
2377,MA,CHAIN PHARMACY,RI,KENT,9143,28.688,400.0,1.5,80.0,201110,3193.0
2379,MA,CHAIN PHARMACY,RI,KENT,9193,0.45405,100.0,1.0,7.5,201201,2524.0
2385,MA,CHAIN PHARMACY,RI,KENT,9143,10.758,800.0,1.5,15.0,201207,3208.0
2387,MA,CHAIN PHARMACY,RI,KENT,9143,26.895,1000.0,1.5,30.0,201208,3277.0
2388,MA,CHAIN PHARMACY,RI,KENT,9193,4.5405,1000.0,1.0,7.5,201209,2189.0
2389,MA,CHAIN PHARMACY,RI,KENT,9143,10.758,2400.0,1.5,5.0,201210,3700.0
2396,MA,CHAIN PHARMACY,RI,KENT,9143,5.379,1200.0,1.5,5.0,201211,3598.0
2400,MA,CHAIN PHARMACY,RI,KENT,9193,0.6054,100.0,1.0,10.0,200904,1419.0
2422,MA,CHAIN PHARMACY,RI,KENT,9143,8.0685,600.0,1.5,15.0,201202,2960.0
2428,MA,CHAIN PHARMACY,RI,KENT,9143,10.758,400.0,1.5,30.0,201212,3206.0
2517,MA,CHAIN PHARMACY,RI,BRISTOL,9143,4.4825,1000.0,1.5,5.0,200909,371.0
2519,MA,CHAIN PHARMACY,RI,BRISTOL,9143,5.379,400.0,1.5,15.0,200910,361.0
2520,MA,CHAIN PHARMACY,RI,BRISTOL,9143,4.03425,600.0,1.5,7.5,200912,488.0
2522,MA,CHAIN PHARMACY,RI,BRISTOL,9143,2.6895,600.0,1.5,5.0,201007,391.0
2523,MA,CHAIN PHARMACY,RI,BRISTOL,9143,3.5860000000000003,400.0,1.5,10.0,201104,425.0
2526,MA,CHAIN PHARMACY,RI,BRISTOL,9143,10.758,2400.0,1.5,5.0,201107,433.0
2532,MA,CHAIN PHARMACY,RI,BRISTOL,9193,0.9081,300.0,1.0,5.0,201212,211.0
2582,MA,CHAIN PHARMACY,RI,NEWPORT,9143,4.03425,300.0,1.5,15.0,200905,730.0
2592,MA,CHAIN PHARMACY,RI,NEWPORT,9193,0.9081,200.0,1.0,7.5,201003,353.0
2629,MA,CHAIN PHARMACY,RI,KENT,9143,2.6895,100.0,1.5,30.0,201010,2813.0
2635,MA,CHAIN PHARMACY,RI,KENT,9143,2.6895,600.0,1.5,5.0,201105,3170.0
2638,MA,CHAIN PHARMACY,RI,KENT,9143,2.6895,300.0,1.5,10.0,201108,3421.0
2707,MA,CHAIN PHARMACY,RI,KENT,9193,3.027,500.0,1.0,10.0,200909,1873.0
2728,MA,CHAIN PHARMACY,RI,BRISTOL,9143,2.24125,500.0,1.5,5.0,200904,468.0
2729,MA,CHAIN PHARMACY,RI,BRISTOL,9143,2.24125,500.0,1.5,5.0,200905,422.0
2730,MA,CHAIN PHARMACY,RI,BRISTOL,9143,14.344,400.0,1.5,40.0,200907,428.0
2731,MA,CHAIN PHARMACY,RI,BRISTOL,9143,1.34475,300.0,1.5,5.0,201002,355.0
2733,MA,CHAIN PHARMACY,RI,BRISTOL,9143,2.24125,500.0,1.5,5.0,201006,423.0
2735,MA,CHAIN PHARMACY,RI,BRISTOL,9143,1.793,400.0,1.5,5.0,201009,419.0
2736,MA,CHAIN PHARMACY,RI,BRISTOL,9143,13.4475,500.0,1.5,30.0,201101,504.0
2743,MA,CHAIN PHARMACY,RI,BRISTOL,9143,3.5860000000000003,200.0,1.5,20.0,201209,466.0
2786,MA,CHAIN PHARMACY,RI,WASHINGTON,9193,1.5135,500.0,1.0,5.0,201009,862.0
2787,MA,CHAIN PHARMACY,RI,WASHINGTON,9143,7.1720000000000015,800.0,1.5,10.0,201009,1791.0
2790,MA,CHAIN PHARMACY,RI,WASHINGTON,9143,8.965,500.0,1.5,20.0,201101,1668.0
2796,MA,CHAIN PHARMACY,RI,WASHINGTON,9143,5.379,1200.0,1.5,5.0,201108,1951.0
2797,MA,CHAIN PHARMACY,RI,WASHINGTON,9193,0.9081,200.0,1.0,7.5,201109,786.0
2798,MA,CHAIN PHARMACY,RI,WASHINGTON,9193,0.45405,100.0,1.0,7.5,201201,778.0
2799,MA,CHAIN PHARMACY,RI,WASHINGTON,9143,14.344,400.0,1.5,40.0,201203,1786.0
2823,MA,CHAIN PHARMACY,RI,PROVIDENCE,9193,2.27025,500.0,1.0,7.5,201110,3636.0
2854,MA,CHAIN PHARMACY,RI,KENT,9193,0.9081,200.0,1.0,7.5,201012,2514.0
2862,MA,CHAIN PHARMACY,RI,KENT,9143,10.758,400.0,1.5,30.0,201201,3380.0
2867,MA,CHAIN PHARMACY,RI,KENT,9143,13.4475,500.0,1.5,30.0,201209,2974.0
2975,MA,CHAIN PHARMACY,RI,WASHINGTON,9143,8.0685,1800.0,1.5,5.0,201109,1825.0
2979,MA,CHAIN PHARMACY,RI,WASHINGTON,9143,14.344,200.0,1.5,80.0,201202,1543.0
2983,MA,CHAIN PHARMACY,RI,WASHINGTON,9193,2.27025,500.0,1.0,7.5,201205,793.0
2985,MA,CHAIN PHARMACY,RI,WASHINGTON,9143,2.6895,600.0,1.5,5.0,201209,1597.0
2989,MA,CHAIN PHARMACY,RI,WASHINGTON,9193,0.6054,200.0,1.0,5.0,201211,854.0
3108,MA,CHAIN PHARMACY,RI,NEWPORT,9193,0.6054,200.0,1.0,5.0,201112,424.0
3205,MA,CHAIN PHARMACY,RI,WASHINGTON,9193,1.8162,600.0,1.0,5.0,200912,958.0
3221,MA,CHAIN PHARMACY,RI,WASHINGTON,9193,0.9081,200.0,1.0,7.5,201011,763.0
3227,MA,CHAIN PHARMACY,RI,WASHINGTON,9143,21.516,600.0,1.5,40.0,201107,1712.0
3234,MA,CHAIN PHARMACY,RI,WASHINGTON,9143,13.4475,1000.0,1.5,15.0,201208,1758.0
3445,MA,CHAIN PHARMACY,RI,WASHINGTON,9193,0.6054,100.0,1.0,10.0,201110,778.0
3511,MA,CHAIN PHARMACY,RI,BRISTOL,9143,14.344,200.0,1.5,80.0,201011,550.0
3512,MA,CHAIN PHARMACY,RI,BRISTOL,9143,2.6895,200.0,1.5,15.0,201012,452.0
3515,MA,CHAIN PHARMACY,RI,BRISTOL,9143,0.8965,100.0,1.5,10.0,201105,375.0
3520,MA,CHAIN PHARMACY,RI,BRISTOL,9143,1.34475,300.0,1.5,5.0,201111,441.0
3525,MA,CHAIN PHARMACY,RI,BRISTOL,9143,1.34475,200.0,1.5,7.5,201204,384.0
3526,MA,CHAIN PHARMACY,RI,BRISTOL,9143,1.34475,100.0,1.5,15.0,201205,585.0
3528,MA,CHAIN PHARMACY,RI,BRISTOL,9143,1.34475,300.0,1.5,5.0,201206,509.0
3530,MA,CHAIN PHARMACY,RI,BRISTOL,9143,2.6895,200.0,1.5,15.0,201208,506.0
3558,MA,CHAIN PHARMACY,RI,WASHINGTON,9193,0.45405,100.0,1.0,7.5,201202,785.0
3559,CA,PRACTITIONER,RI,KENT,9193,0.9081,300.0,1.0,5.0,200906,1782.0
3621,NY,CHAIN PHARMACY,RI,NEWPORT,9193,0.45405,100.0,1.0,7.5,201007,353.0
3625,NY,CHAIN PHARMACY,RI,NEWPORT,9193,4.5405,1500.0,1.0,5.0,201106,460.0
3627,NY,CHAIN PHARMACY,RI,NEWPORT,9193,3.027,1000.0,1.0,5.0,201110,437.0
3635,NY,CHAIN PHARMACY,RI,WASHINGTON,9193,0.6054,100.0,1.0,10.0,201003,809.0
3636,NY,CHAIN PHARMACY,RI,WASHINGTON,9193,0.45405,100.0,1.0,7.5,201004,757.0
3641,NY,CHAIN PHARMACY,RI,WASHINGTON,9193,0.6054,100.0,1.0,10.0,201012,843.0
3645,NY,CHAIN PHARMACY,RI,WASHINGTON,9193,1.5135,500.0,1.0,5.0,201203,708.0
3646,NY,CHAIN PHARMACY,RI,WASHINGTON,9193,0.6054,100.0,1.0,10.0,201206,783.0
3647,NY,CHAIN PHARMACY,RI,WASHINGTON,9193,1.2108,200.0,1.0,10.0,201208,858.0
3648,NY,CHAIN PHARMACY,RI,WASHINGTON,9193,2.27025,500.0,1.0,7.5,201210,868.0
3672,NY,CHAIN PHARMACY,RI,KENT,9193,2.4216,400.0,1.0,10.0,201005,2306.0
3673,NY,CHAIN PHARMACY,RI,KENT,9193,1.8162,300.0,1.0,10.0,201008,2400.0
3699,NY,CHAIN PHARMACY,RI,KENT,9193,1.2108,200.0,1.0,10.0,201111,2136.0
3703,NY,CHAIN PHARMACY,RI,KENT,9193,0.136215,30.0,1.0,7.5,201206,1754.0
3709,NY,CHAIN PHARMACY,RI,KENT,9193,0.45405,100.0,1.0,7.5,201109,2797.0
3719,NY,CHAIN PHARMACY,RI,NEWPORT,9193,0.9081,200.0,1.0,7.5,201004,322.0
3722,NY,CHAIN PHARMACY,RI,NEWPORT,9193,0.27243,60.0,1.0,7.5,201108,441.0
3725,NY,CHAIN PHARMACY,RI,NEWPORT,9193,0.6054,100.0,1.0,10.0,201212,464.0
3729,NY,CHAIN PHARMACY,RI,WASHINGTON,9193,2.27025,500.0,1.0,7.5,201008,825.0
3769,NY,CHAIN PHARMACY,RI,BRISTOL,9193,1.5135,500.0,1.0,5.0,201008,174.0
3770,NY,CHAIN PHARMACY,RI,BRISTOL,9193,1.8162,300.0,1.0,10.0,201107,153.0
3771,NY,CHAIN PHARMACY,RI,BRISTOL,9193,2.27025,500.0,1.0,7.5,201206,170.0
3772,NY,CHAIN PHARMACY,RI,BRISTOL,9193,0.3027,100.0,1.0,5.0,201211,220.0
3780,NY,CHAIN PHARMACY,RI,KENT,9193,0.45405,100.0,1.0,7.5,201004,1983.0
3784,NY,CHAIN PHARMACY,RI,KENT,9193,0.9081,300.0,1.0,5.0,201110,1748.0
3816,NY,CHAIN PHARMACY,RI,WASHINGTON,9193,4.5405,1500.0,1.0,5.0,201002,633.0
3822,NY,CHAIN PHARMACY,RI,WASHINGTON,9193,0.3027,100.0,1.0,5.0,201101,765.0
3826,NY,CHAIN PHARMACY,RI,WASHINGTON,9193,0.6054,100.0,1.0,10.0,201207,877.0
3845,NY,CHAIN PHARMACY,RI,NEWPORT,9193,4.5405,1500.0,1.0,5.0,201211,465.0
3889,NY,CHAIN PHARMACY,RI,WASHINGTON,9193,0.6054,200.0,1.0,5.0,201104,789.0
3915,NY,CHAIN PHARMACY,RI,BRISTOL,9193,0.6054,100.0,1.0,10.0,201011,157.0
3916,NY,CHAIN PHARMACY,RI,BRISTOL,9193,1.5135,500.0,1.0,5.0,201108,166.0
3917,NY,CHAIN PHARMACY,RI,BRISTOL,9193,0.45405,100.0,1.0,7.5,201109,171.0
3919,NY,CHAIN PHARMACY,RI,BRISTOL,9193,0.6054,100.0,1.0,10.0,201201,167.0
3920,NY,CHAIN PHARMACY,RI,BRISTOL,9193,1.5135,500.0,1.0,5.0,201203,145.0
3921,NY,CHAIN PHARMACY,RI,BRISTOL,9193,3.027,1000.0,1.0,5.0,201205,161.0
3922,NY,CHAIN PHARMACY,RI,BRISTOL,9193,0.45405,100.0,1.0,7.5,201210,180.0
3932,NY,CHAIN PHARMACY,RI,WASHINGTON,9193,0.45405,100.0,1.0,7.5,201108,914.0
4011,MI,RETAIL PHARMACY,RI,PROVIDENCE,9193,2.27025,500.0,1.0,7.5,200606,3008.0
4037,PA,PRACTITIONER,RI,KENT,9193,7.2648,1200.0,1.0,10.0,200606,1533.0
4039,PA,PRACTITIONER-DW/100,RI,WASHINGTON,9193,1.2108,200.0,1.0,10.0,200910,779.0
4045,OH,RETAIL PHARMACY,RI,KENT,9193,18.162,6000.0,1.0,5.0,200705,1445.0
4047,OH,RETAIL PHARMACY,RI,KENT,9193,3.6324,1200.0,1.0,5.0,200708,1398.0
4097,MD,CHAIN PHARMACY,RI,WASHINGTON,9193,0.6054,100.0,1.0,10.0,200605,662.0
4098,MD,CHAIN PHARMACY,RI,WASHINGTON,9193,0.6054,100.0,1.0,10.0,200611,591.0
4101,MD,CHAIN PHARMACY,RI,WASHINGTON,9193,1.5135,500.0,1.0,5.0,200708,795.0
4104,MD,CHAIN PHARMACY,RI,WASHINGTON,9193,0.9081,200.0,1.0,7.5,200803,775.0
4109,MD,CHAIN PHARMACY,RI,WASHINGTON,9193,0.45405,100.0,1.0,7.5,200806,805.0
4112,MD,CHAIN PHARMACY,RI,WASHINGTON,9193,1.5135,500.0,1.0,5.0,200809,781.0
4118,MD,CHAIN PHARMACY,RI,WASHINGTON,9193,0.45405,100.0,1.0,7.5,200909,787.0
4141,MD,CHAIN PHARMACY,RI,WASHINGTON,9193,0.6054,100.0,1.0,10.0,201112,794.0
4207,MD,CHAIN PHARMACY,RI,WASHINGTON,9193,1.5135,500.0,1.0,5.0,200604,600.0
4236,MD,CHAIN PHARMACY,RI,WASHINGTON,9193,0.45405,100.0,1.0,7.5,201204,793.0
4238,MD,CHAIN PHARMACY,RI,WASHINGTON,9193,1.5135,500.0,1.0,5.0,201209,711.0
4286,MD,CHAIN PHARMACY,RI,KENT,9193,0.6054,100.0,1.0,10.0,200607,1427.0
4327,MD,CHAIN PHARMACY,RI,NEWPORT,9193,1.5135,500.0,1.0,5.0,200702,279.0
4328,MD,CHAIN PHARMACY,RI,NEWPORT,9193,0.3027,100.0,1.0,5.0,200704,314.0
4331,MD,CHAIN PHARMACY,RI,NEWPORT,9193,0.45405,100.0,1.0,7.5,200709,327.0
4332,MD,CHAIN PHARMACY,RI,NEWPORT,9193,0.45405,100.0,1.0,7.5,200711,404.0
4334,MD,CHAIN PHARMACY,RI,NEWPORT,9193,0.45405,100.0,1.0,7.5,200803,343.0
4341,MD,CHAIN PHARMACY,RI,NEWPORT,9193,0.6054,100.0,1.0,10.0,201002,318.0
4361,MD,CHAIN PHARMACY,RI,KENT,9193,1.5135,500.0,1.0,5.0,200605,2187.0
4362,MD,CHAIN PHARMACY,RI,KENT,9193,1.5135,500.0,1.0,5.0,200612,1227.0
4373,MD,CHAIN PHARMACY,RI,KENT,9193,1.5135,500.0,1.0,5.0,200810,1454.0
4916,CT,RETAIL PHARMACY,RI,NEWPORT,9193,0.45405,100.0,1.0,7.5,200607,367.0
4919,CT,RETAIL PHARMACY,RI,NEWPORT,9193,0.6054,100.0,1.0,10.0,200610,293.0
4946,CT,RETAIL PHARMACY,RI,NEWPORT,9193,2.27025,500.0,1.0,7.5,200812,490.0
4953,CT,RETAIL PHARMACY,RI,NEWPORT,9193,2.27025,500.0,1.0,7.5,200903,420.0
4969,CT,RETAIL PHARMACY,RI,NEWPORT,9193,0.45405,100.0,1.0,7.5,201001,289.0
4977,CT,RETAIL PHARMACY,RI,NEWPORT,9193,0.45405,100.0,1.0,7.5,201010,372.0
5008,CT,RETAIL PHARMACY,RI,BRISTOL,9143,2.24125,500.0,1.5,5.0,200603,469.0
5019,CT,RETAIL PHARMACY,RI,BRISTOL,9193,9.081,3000.0,1.0,5.0,200607,133.0
5022,CT,RETAIL PHARMACY,RI,BRISTOL,9143,0.8965,200.0,1.5,5.0,200610,322.0
5024,CT,RETAIL PHARMACY,RI,BRISTOL,9193,0.45405,100.0,1.0,7.5,200612,130.0
5025,CT,RETAIL PHARMACY,RI,BRISTOL,9143,0.672375,100.0,1.5,7.5,200612,260.0
5027,CT,RETAIL PHARMACY,RI,BRISTOL,9193,0.6054,100.0,1.0,10.0,200701,132.0
5029,CT,RETAIL PHARMACY,RI,BRISTOL,9193,2.27025,500.0,1.0,7.5,200703,137.0
5032,CT,RETAIL PHARMACY,RI,BRISTOL,9193,2.27025,500.0,1.0,7.5,200704,118.0
5034,CT,RETAIL PHARMACY,RI,BRISTOL,9143,4.4825,1000.0,1.5,5.0,200705,349.0
5035,CT,RETAIL PHARMACY,RI,BRISTOL,9193,0.45405,100.0,1.0,7.5,200706,135.0
5038,CT,RETAIL PHARMACY,RI,BRISTOL,9193,2.27025,500.0,1.0,7.5,200708,180.0
5043,CT,RETAIL PHARMACY,RI,BRISTOL,9193,0.6054,100.0,1.0,10.0,200709,125.0
5046,CT,RETAIL PHARMACY,RI,BRISTOL,9143,0.44825,100.0,1.5,5.0,200711,320.0
5049,CT,RETAIL PHARMACY,RI,BRISTOL,9193,2.27025,500.0,1.0,7.5,200801,154.0
5053,CT,RETAIL PHARMACY,RI,BRISTOL,9193,0.6054,100.0,1.0,10.0,200802,128.0
5057,CT,RETAIL PHARMACY,RI,BRISTOL,9193,0.45405,100.0,1.0,7.5,200804,143.0
5060,CT,RETAIL PHARMACY,RI,BRISTOL,9193,0.45405,100.0,1.0,7.5,200805,168.0
5064,CT,RETAIL PHARMACY,RI,BRISTOL,9193,2.27025,500.0,1.0,7.5,200808,160.0
5065,CT,RETAIL PHARMACY,RI,BRISTOL,9143,7.1720000000000015,100.0,1.5,80.0,200809,355.0
5068,CT,RETAIL PHARMACY,RI,BRISTOL,9143,5.379,100.0,1.5,60.0,200811,329.0
5069,CT,RETAIL PHARMACY,RI,BRISTOL,9143,2.24125,500.0,1.5,5.0,200812,364.0
5071,CT,RETAIL PHARMACY,RI,BRISTOL,9193,0.6054,100.0,1.0,10.0,200901,149.0
5073,CT,RETAIL PHARMACY,RI,BRISTOL,9143,32.274,1800.0,1.5,20.0,200903,472.0
5075,CT,RETAIL PHARMACY,RI,BRISTOL,9193,0.6054,100.0,1.0,10.0,200906,144.0
5076,CT,RETAIL PHARMACY,RI,BRISTOL,9143,0.8965,100.0,1.5,10.0,200906,359.0
5078,CT,RETAIL PHARMACY,RI,BRISTOL,9193,0.3027,100.0,1.0,5.0,200908,137.0
5079,CT,RETAIL PHARMACY,RI,BRISTOL,9193,0.6054,100.0,1.0,10.0,200909,149.0
5081,CT,RETAIL PHARMACY,RI,BRISTOL,9193,0.6054,100.0,1.0,10.0,200911,151.0
5084,CT,RETAIL PHARMACY,RI,BRISTOL,9193,0.45405,100.0,1.0,7.5,200912,178.0
5085,CT,RETAIL PHARMACY,RI,BRISTOL,9143,2.24125,500.0,1.5,5.0,201001,352.0
5089,CT,RETAIL PHARMACY,RI,BRISTOL,9193,13.6215,4500.0,1.0,5.0,201003,175.0
5090,CT,RETAIL PHARMACY,RI,BRISTOL,9193,0.6054,100.0,1.0,10.0,201004,176.0
5091,CT,RETAIL PHARMACY,RI,BRISTOL,9143,0.8965,100.0,1.5,10.0,201004,346.0
5092,CT,RETAIL PHARMACY,RI,BRISTOL,9193,0.45405,100.0,1.0,7.5,201005,172.0
5094,CT,RETAIL PHARMACY,RI,BRISTOL,9193,2.27025,500.0,1.0,7.5,201006,149.0
5103,CT,RETAIL PHARMACY,RI,BRISTOL,9193,1.5135,500.0,1.0,5.0,200606,125.0
5105,CT,RETAIL PHARMACY,RI,BRISTOL,9193,1.5135,500.0,1.0,5.0,200705,176.0
5110,CT,RETAIL PHARMACY,RI,BRISTOL,9193,0.6054,100.0,1.0,10.0,200809,157.0
5112,CT,RETAIL PHARMACY,RI,BRISTOL,9193,3.027,1000.0,1.0,5.0,200812,172.0
5113,CT,RETAIL PHARMACY,RI,BRISTOL,9193,0.6054,100.0,1.0,10.0,200903,147.0
5119,CT,RETAIL PHARMACY,RI,BRISTOL,9193,3.027,500.0,1.0,10.0,201105,157.0
5242,CT,RETAIL PHARMACY,RI,WASHINGTON,9143,1.34475,200.0,1.5,7.5,200602,906.0
5247,CT,RETAIL PHARMACY,RI,WASHINGTON,9193,0.45405,100.0,1.0,7.5,200607,599.0
5252,CT,RETAIL PHARMACY,RI,WASHINGTON,9143,0.672375,100.0,1.5,7.5,200611,1045.0
5258,CT,RETAIL PHARMACY,RI,WASHINGTON,9193,1.2108,200.0,1.0,10.0,200709,725.0
5274,CT,RETAIL PHARMACY,RI,WASHINGTON,9143,0.672375,100.0,1.5,7.5,200807,1512.0
5277,CT,RETAIL PHARMACY,RI,WASHINGTON,9193,4.5405,1500.0,1.0,5.0,200901,846.0
5288,CT,RETAIL PHARMACY,RI,WASHINGTON,9193,2.27025,500.0,1.0,7.5,200906,794.0
5606,CT,RETAIL PHARMACY,RI,KENT,9193,1.2108,200.0,1.0,10.0,200706,1283.0
5708,CT,RETAIL PHARMACY,RI,WASHINGTON,9193,0.3027,100.0,1.0,5.0,200703,615.0
5733,CT,RETAIL PHARMACY,RI,WASHINGTON,9193,1.8162,300.0,1.0,10.0,200908,829.0
6065,CT,CHAIN PHARMACY,RI,KENT,9193,0.3027,100.0,1.0,5.0,201001,1876.0
6154,CT,CHAIN PHARMACY,RI,WASHINGTON,9143,17.93,1000.0,1.5,20.0,200908,1611.0
6303,CT,CHAIN PHARMACY,RI,BRISTOL,9143,1.793,100.0,1.5,20.0,200709,354.0
6312,CT,CHAIN PHARMACY,RI,BRISTOL,9193,2.27025,500.0,1.0,7.5,200904,139.0
6315,CT,CHAIN PHARMACY,RI,BRISTOL,9143,5.379,100.0,1.5,60.0,201003,420.0
6318,CT,CHAIN PHARMACY,RI,BRISTOL,9143,2.6895,200.0,1.5,15.0,201008,447.0
6323,CT,CHAIN PHARMACY,RI,BRISTOL,9143,0.8965,200.0,1.5,5.0,201102,372.0
6324,CT,CHAIN PHARMACY,RI,BRISTOL,9143,1.793,400.0,1.5,5.0,201103,566.0
6659,CT,CHAIN PHARMACY,RI,BRISTOL,9193,1.5135,500.0,1.0,5.0,200712,151.0
7549,CT,CHAIN PHARMACY,RI,BRISTOL,9193,0.45405,100.0,1.0,7.5,200603,93.0
7550,CT,CHAIN PHARMACY,RI,BRISTOL,9193,2.27025,500.0,1.0,7.5,200605,151.0
8068,PA,PRACTITIONER,RI,BRISTOL,9193,0.3027,100.0,1.0,5.0,201012,138.0
8153,CT,CHAIN PHARMACY,RI,NEWPORT,9193,0.6054,100.0,1.0,10.0,200909,359.0
8228,CT,CHAIN PHARMACY,RI,NEWPORT,9193,3.027,1000.0,1.0,5.0,200806,373.0
8280,CT,CHAIN PHARMACY,RI,BRISTOL,9193,0.45405,100.0,1.0,7.5,200710,182.0
8285,CT,CHAIN PHARMACY,RI,BRISTOL,9193,3.027,1000.0,1.0,5.0,200803,147.0
8286,CT,CHAIN PHARMACY,RI,BRISTOL,9193,1.5135,500.0,1.0,5.0,200807,156.0
8287,CT,CHAIN PHARMACY,RI,BRISTOL,9193,0.45405,100.0,1.0,7.5,200810,177.0
8354,CT,CHAIN PHARMACY,RI,NEWPORT,9193,3.027,1000.0,1.0,5.0,200807,406.0
8543,OH,CHAIN PHARMACY,RI,BRISTOL,9143,3.5860000000000003,400.0,1.5,10.0,201108,490.0
8694,CT,CHAIN PHARMACY,RI,NEWPORT,9193,0.45405,100.0,1.0,7.5,201207,445.0
9051,CT,CHAIN PHARMACY,RI,BRISTOL,9193,3.027,1000.0,1.0,5.0,200907,169.0
9055,CT,CHAIN PHARMACY,RI,BRISTOL,9193,0.6054,100.0,1.0,10.0,201010,202.0
9056,CT,CHAIN PHARMACY,RI,BRISTOL,9193,0.45405,100.0,1.0,7.5,201104,168.0
9057,CT,CHAIN PHARMACY,RI,BRISTOL,9193,0.45405,100.0,1.0,7.5,201106,181.0
9060,CT,CHAIN PHARMACY,RI,BRISTOL,9193,3.027,500.0,1.0,10.0,201110,172.0
9061,CT,CHAIN PHARMACY,RI,BRISTOL,9193,1.5135,500.0,1.0,5.0,201202,178.0
9184,MD,CHAIN PHARMACY,RI,NEWPORT,9193,0.45405,100.0,1.0,7.5,200601,182.0
9651,MA,RETAIL PHARMACY,RI,NEWPORT,9193,1.5135,500.0,1.0,5.0,200609,275.0
9820,MA,CHAIN PHARMACY,RI,NEWPORT,9193,0.45405,100.0,1.0,7.5,201209,430.0
10125,MA,CHAIN PHARMACY,RI,KENT,9193,0.6054,100.0,1.0,10.0,200709,1106.0
10430,MA,CHAIN PHARMACY,RI,BRISTOL,9143,4.03425,300.0,1.5,15.0,200706,402.0
11950,MA,CHAIN PHARMACY,RI,BRISTOL,9193,0.6054,200.0,1.0,5.0,200910,157.0
11957,MA,CHAIN PHARMACY,RI,BRISTOL,9193,0.3027,100.0,1.0,5.0,201101,170.0
12935,NY,CHAIN PHARMACY,RI,BRISTOL,9193,1.5135,500.0,1.0,5.0,201007,163.0
12936,NY,CHAIN PHARMACY,RI,BRISTOL,9193,0.6054,200.0,1.0,5.0,201111,149.0
12937,NY,CHAIN PHARMACY,RI,BRISTOL,9193,0.136215,30.0,1.0,7.5,201207,154.0
13091,NY,CHAIN PHARMACY,RI,BRISTOL,9193,1.5135,500.0,1.0,5.0,201002,133.0
13093,NY,CHAIN PHARMACY,RI,BRISTOL,9193,3.027,1000.0,1.0,5.0,201102,154.0
13902,CT,RETAIL PHARMACY,RI,BRISTOL,9193,0.45405,100.0,1.0,7.5,200601,67.0
13914,CT,RETAIL PHARMACY,RI,BRISTOL,9193,2.27025,500.0,1.0,7.5,200610,149.0
13915,CT,RETAIL PHARMACY,RI,BRISTOL,9193,0.45405,100.0,1.0,7.5,200611,140.0
13955,CT,RETAIL PHARMACY,RI,BRISTOL,9193,2.27025,500.0,1.0,7.5,200902,169.0
13978,CT,RETAIL PHARMACY,RI,BRISTOL,9193,1.5135,500.0,1.0,5.0,201009,177.0
13987,CT,RETAIL PHARMACY,RI,BRISTOL,9193,2.27025,500.0,1.0,7.5,200604,103.0
13988,CT,RETAIL PHARMACY,RI,BRISTOL,9193,1.5135,500.0,1.0,5.0,200609,147.0
14250,CT,CHAIN PHARMACY,RI,BRISTOL,9193,0.45405,100.0,1.0,7.5,200702,153.0
16570,CT,CHAIN PHARMACY,RI,NEWPORT,9193,3.027,1000.0,1.0,5.0,200605,339.0
16753,CT,CHAIN PHARMACY,RI,NEWPORT,9193,3.027,1000.0,1.0,5.0,200705,342.0
17877,CT,CHAIN PHARMACY,RI,BRISTOL,9193,0.45405,100.0,1.0,7.5,201204,149.0
17880,CT,CHAIN PHARMACY,RI,BRISTOL,9193,3.027,1000.0,1.0,5.0,201209,175.0
21692,PA,CHAIN PHARMACY,RI,BRISTOL,9193,0.45405,100.0,1.0,7.5,200905,152.0
22221,RI,CHAIN PHARMACY,RI,BRISTOL,9193,3.027,1000.0,1.0,5.0,200806,162.0
23042,RI,CHAIN PHARMACY,RI,BRISTOL,9193,0.9081,200.0,1.0,7.5,201112,149.0
24254,CT,RETAIL PHARMACY,RI,BRISTOL,9193,0.45405,100.0,1.0,7.5,201001,120.0
25857,CT,CHAIN PHARMACY,RI,BRISTOL,9143,3.5860000000000003,200.0,1.5,20.0,200908,310.0
31700,CT,RETAIL PHARMACY,RI,BRISTOL,9193,1.5135,500.0,1.0,5.0,201103,176.0
50947,MD,CHAIN PHARMACY,RI,BRISTOL,9193,2.27025,500.0,1.0,7.5,200602,67.0
